,Price (Tỷ),Area (m2),Price Per m2 (tr/m2),Location,In-Out
0,4.1,35.0,117.14,hoàn kiếm,Quận
1,1.92,32.0,60.0,hà đông,Quận
2,2.5,130.0,19.23,long biên,Quận
3,1.36,32.0,42.5,hà đông,Quận
4,4.12,47.0,87.66,hà đông,Quận
5,17.5,222.0,78.83,long biên,Quận
6,2.6,30.0,86.67,hà đông,Quận
7,3.5,58.0,60.34,hoàn kiếm,Quận
8,1.85,30.0,61.67,thanh trì,Huyện
9,1.65,30.0,55.0,thanh trì,Huyện
10,1.35,31.0,43.55,thanh trì,Huyện
11,8.8,65.0,135.38,thanh xuân,Quận
12,3.3,54.0,61.11,hoàn kiếm,Quận
13,12.5,60.0,208.33,đống đa,Quận
14,7.0,63.0,111.11,long biên,Quận
15,5.75,44.0,130.68,đống đa,Quận
16,4.9,52.0,94.23,đống đa,Quận
17,4.1,35.0,117.14,hoàn kiếm,Quận
18,2.25,20.0,112.5,đống đa,Quận
19,7.0,36.0,194.44,đống đa,Quận
20,6.0,60.0,100.0,hà đông,Quận
21,1.39,35.0,39.71,hà đông,Quận
22,12.0,70.0,171.43,đống đa,Quận
23,9.7,55.0,176.36,đống đa,Quận
24,4.44,40.0,111.0,hoàn kiếm,Quận
25,4.0,50.0,80.0,hoàn kiếm,Quận
26,14.0,70.0,200.0,ba đình,Quận
27,3.5,45.0,77.78,long biên,Quận
28,3.9,47.0,82.98,hà đông,Quận
29,6.9,45.0,153.33,tây hồ,Quận
30,2.35,30.0,78.33,hoàn kiếm,Quận
31,3.05,30.0,101.67,long biên,Quận
32,8.3,58.0,143.1,tây hồ,Quận
33,8.2,50.0,164.0,ba đình,Quận
34,29.9,90.0,332.22,ba đình,Quận
35,10.0,80.0,125.0,ba đình,Quận
36,11.0,65.0,169.23,đống đa,Quận
37,7.8,60.0,130.0,đống đa,Quận
38,8.0,55.0,145.45,thanh xuân,Quận
39,11.0,77.0,142.86,thanh xuân,Quận
40,4.65,43.0,108.14,hà đông,Quận
41,15.0,70.0,214.29,ba đình,Quận
42,15.0,109.0,137.61,ba đình,Quận
43,11.2,48.0,233.33,hoàn kiếm,Quận
44,2.85,92.0,30.98,long biên,Quận
45,1.8,20.0,90.0,hoàn kiếm,Quận
46,1.15,30.0,38.33,hoàn kiếm,Quận
47,12.2,60.0,203.33,ba đình,Quận
48,6.3,88.4,71.27,long biên,Quận
49,17.9,65.0,275.38,ba đình,Quận
50,11.9,50.0,238.0,hoàn kiếm,Quận
51,4.64,53.4,86.89,long biên,Quận
52,3.2,29.0,110.34,ba đình,Quận
53,1.87,30.0,62.33,hà đông,Quận
54,1.98,30.0,66.0,hoàn kiếm,Quận
55,28.0,170.0,164.71,nam từ liêm,Quận
56,5.5,66.0,83.33,hoàn kiếm,Quận
57,12.0,52.0,230.77,ba đình,Quận
58,5.8,35.0,165.71,đống đa,Quận
59,27.5,124.0,221.77,ba đình,Quận
60,3.85,35.0,110.0,đống đa,Quận
61,1.6,30.0,53.33,hà đông,Quận
62,14.0,125.0,112.0,thanh xuân,Quận
63,46.5,256.0,181.64,thanh trì,Huyện
64,2.15,30.0,71.67,hà đông,Quận
65,11.5,125.0,92.0,thanh xuân,Quận
66,35.0,200.0,175.0,thanh xuân,Quận
67,19.5,89.0,219.1,đống đa,Quận
68,23.5,126.0,186.51,hoàn kiếm,Quận
69,3.8,66.0,57.58,hà đông,Quận
70,2.2,47.0,46.81,hoàn kiếm,Quận
71,5.6,91.0,61.54,đống đa,Quận
72,19.5,108.0,180.56,đống đa,Quận
73,2.35,40.0,58.75,long biên,Quận
74,1.98,35.0,56.57,long biên,Quận
75,3.5,39.0,89.74,hoàn kiếm,Quận
76,1.82,30.0,60.67,long biên,Quận
77,2.75,38.0,72.37,long biên,Quận
78,1.45,36.0,40.28,thanh oai,Huyện
79,1.53,36.0,42.5,hà đông,Quận
80,1.9,31.0,61.29,long biên,Quận
81,8.3,71.0,116.9,hoàn kiếm,Quận
82,7.9,50.0,158.0,hoàn kiếm,Quận
83,23.0,320.0,71.88,ba đình,Quận
84,30.0,140.0,214.29,tây hồ,Quận
85,20.0,200.0,100.0,ba đình,Quận
86,12.0,52.0,230.77,ba đình,Quận
87,9.8,40.0,245.0,đống đa,Quận
88,6.75,40.0,168.75,đống đa,Quận
89,1.4,32.0,43.75,hà đông,Quận
90,8.9,53.0,167.92,đống đa,Quận
91,1.2,33.0,36.36,hoài đức,Huyện
92,1.3,30.0,43.33,nam từ liêm,Quận
93,1.19,33.0,36.06,hà đông,Quận
94,6.7,52.0,128.85,đống đa,Quận
95,6.4,111.0,57.66,đống đa,Quận
96,3.6,59.0,61.02,hoàn kiếm,Quận
97,2.2,28.0,78.57,hoàn kiếm,Quận
98,15.0,110.0,136.36,thanh xuân,Quận
99,3.1,30.0,103.33,hà đông,Quận
100,3.4,44.0,77.27,hoàn kiếm,Quận
101,3.5,42.0,83.33,ba đình,Quận
102,9.0,165.0,54.55,hoàn kiếm,Quận
103,3.4,40.0,85.0,nam từ liêm,Quận
104,4.65,30.0,155.0,hoàn kiếm,Quận
105,4.75,30.0,158.33,hoàn kiếm,Quận
106,230.0,185.0,1243.24,bắc từ liêm,Quận
107,5.9,91.0,64.84,long biên,Quận
108,3.15,36.0,87.5,long biên,Quận
109,1.54,37.0,41.62,hà đông,Quận
110,13.6,61.0,222.95,ba đình,Quận
111,3.25,35.0,92.86,nam từ liêm,Quận
112,3.1,41.0,75.61,hoàn kiếm,Quận
113,4.5,47.0,95.74,ba đình,Quận
114,3.6,45.0,80.0,hoàn kiếm,Quận
115,15.2,65.0,233.85,ba đình,Quận
116,14.0,170.0,82.35,ba đình,Quận
117,5.8,35.0,165.71,ba đình,Quận
118,3.95,52.0,75.96,thanh xuân,Quận
119,2.1,128.0,16.41,hoàn kiếm,Quận
120,1.9,35.0,54.29,hoàn kiếm,Quận
121,1.9,32.0,59.38,hà đông,Quận
122,10.5,100.0,105.0,ba đình,Quận
123,2.17,37.0,58.65,hà đông,Quận
124,11.7,80.0,146.25,thanh xuân,Quận
125,6.4,70.0,91.43,thanh xuân,Quận
126,24.0,150.0,160.0,tây hồ,Quận
127,8.5,24.0,354.17,hoàn kiếm,Quận
128,8.0,36.0,222.22,hoàn kiếm,Quận
129,10.0,130.0,76.92,long biên,Quận
130,5.85,70.0,83.57,long biên,Quận
131,3.95,43.0,91.86,đống đa,Quận
132,17.0,130.0,130.77,đống đa,Quận
133,3.4,55.0,61.82,hoàn kiếm,Quận
134,2.19,32.0,68.44,hoàn kiếm,Quận
135,4.49,42.0,106.9,hoàn kiếm,Quận
136,16.9,80.0,211.25,ba đình,Quận
137,2.9,36.0,80.56,đống đa,Quận
138,2.9,22.0,131.82,đống đa,Quận
139,2.14,32.0,66.88,hà đông,Quận
140,4.3,60.0,71.67,ba đình,Quận
141,1.5,18.0,83.33,hoàn kiếm,Quận
142,21.0,60.0,350.0,ba đình,Quận
143,3.0,60.0,50.0,long biên,Quận
144,2.75,33.0,83.33,bắc từ liêm,Quận
145,3.2,47.0,68.09,hoàn kiếm,Quận
146,4.1,43.0,95.35,hoàn kiếm,Quận
147,2.5,38.0,65.79,long biên,Quận
148,3.3,31.0,106.45,hoàn kiếm,Quận
149,8.0,35.0,228.57,hoàn kiếm,Quận
150,20.5,115.0,178.26,ba đình,Quận
151,4.15,55.0,75.45,hoàn kiếm,Quận
152,7.2,60.0,120.0,đống đa,Quận
153,10.8,140.0,77.14,ba đình,Quận
154,3.55,45.0,78.89,hoàn kiếm,Quận
155,2.2,26.0,84.62,hoàn kiếm,Quận
156,2.25,29.0,77.59,hoàn kiếm,Quận
157,1.55,30.2,51.32,hoài đức,Huyện
158,4.55,42.0,108.33,hoàn kiếm,Quận
159,5.0,47.0,106.38,đống đa,Quận
160,4.5,78.0,57.69,hoàn kiếm,Quận
161,2.3,25.0,92.0,đống đa,Quận
162,16.0,75.0,213.33,ba đình,Quận
163,19.0,90.0,211.11,ba đình,Quận
164,3.9,45.0,86.67,ba đình,Quận
165,4.0,50.0,80.0,long biên,Quận
166,6.7,50.0,134.0,thanh xuân,Quận
167,4.65,50.0,93.0,hà đông,Quận
168,3.8,38.0,100.0,hoàn kiếm,Quận
169,4.5,33.0,136.36,hoàn kiếm,Quận
170,5.0,54.0,92.59,long biên,Quận
171,6.5,65.0,100.0,thanh xuân,Quận
172,10.3,99.0,104.04,hoàn kiếm,Quận
173,10.9,120.0,90.83,ba đình,Quận
174,4.5,40.0,112.5,thanh xuân,Quận
175,3.4,39.0,87.18,hoàn kiếm,Quận
176,4.05,36.0,112.5,thanh xuân,Quận
177,5.5,52.0,105.77,đống đa,Quận
178,5.25,50.0,105.0,hoàn kiếm,Quận
179,3.95,30.0,131.67,đống đa,Quận
180,2.0,35.0,57.14,hà đông,Quận
181,5.6,56.0,100.0,ba đình,Quận
182,6.7,44.0,152.27,đống đa,Quận
183,4.3,47.0,91.49,hoàn kiếm,Quận
184,2.0,30.0,66.67,hoài đức,Huyện
185,18.0,170.0,105.88,ba đình,Quận
186,3.75,43.0,87.21,thanh xuân,Quận
187,12.0,35.0,342.86,hoàn kiếm,Quận
188,7.6,35.0,217.14,đống đa,Quận
189,2.67,30.0,89.0,hoàn kiếm,Quận
190,15.8,80.0,197.5,hoàn kiếm,Quận
191,29.0,127.0,228.35,thanh xuân,Quận
192,3.0,30.0,100.0,đống đa,Quận
193,8.0,90.0,88.89,long biên,Quận
194,5.95,65.0,91.54,long biên,Quận
195,8.6,68.0,126.47,đống đa,Quận
196,8.0,105.0,76.19,hoàn kiếm,Quận
197,5.4,40.0,135.0,hà đông,Quận
198,3.98,56.0,71.07,đống đa,Quận
199,2.85,40.0,71.25,ba đình,Quận
200,3.2,46.9,68.23,gia lâm,Huyện
201,5.4,42.0,128.57,tây hồ,Quận
202,3.55,40.0,88.75,hoàn kiếm,Quận
203,2.75,102.0,26.96,ba đình,Quận
204,6.19,65.0,95.23,hoàn kiếm,Quận
205,4.6,40.3,114.14,nam từ liêm,Quận
206,4.7,50.0,94.0,đống đa,Quận
207,2.1,32.0,65.62,thanh xuân,Quận
208,1.2,27.0,44.44,đống đa,Quận
209,3.8,39.0,97.44,long biên,Quận
210,2.19,22.0,99.55,hoàn kiếm,Quận
211,3.75,38.0,98.68,đống đa,Quận
212,3.78,45.0,84.0,long biên,Quận
213,6.0,45.0,133.33,long biên,Quận
214,4.6,56.0,82.14,long biên,Quận
215,4.6,60.0,76.67,thanh xuân,Quận
216,6.5,60.0,108.33,thanh xuân,Quận
217,10.6,65.0,163.08,ba đình,Quận
218,2.95,34.0,86.76,hoàn kiếm,Quận
219,3.36,51.0,65.88,hoàn kiếm,Quận
220,4.55,52.0,87.5,hà đông,Quận
221,5.0,70.0,71.43,ba đình,Quận
222,5.6,41.0,136.59,nam từ liêm,Quận
223,4.0,41.0,97.56,hoàn kiếm,Quận
224,3.4,30.0,113.33,hoàn kiếm,Quận
225,4.7,40.0,117.5,đống đa,Quận
226,3.6,40.0,90.0,ba đình,Quận
227,3.8,37.0,102.7,đống đa,Quận
228,12.0,90.0,133.33,long biên,Quận
229,5.2,35.0,148.57,thanh trì,Huyện
230,9.39,48.0,195.63,hoàn kiếm,Quận
231,3.36,43.0,78.14,hoàn kiếm,Quận
232,2.5,31.0,80.65,hoàn kiếm,Quận
233,4.2,50.0,84.0,hà đông,Quận
234,4.3,45.0,95.56,hoàn kiếm,Quận
235,7.1,55.0,129.09,hoàn kiếm,Quận
236,3.35,35.0,95.71,đống đa,Quận
237,3.98,58.0,68.62,ba đình,Quận
238,4.55,40.0,113.75,hoàn kiếm,Quận
239,15.8,82.0,192.68,hoàn kiếm,Quận
240,3.8,70.0,54.29,hoàn kiếm,Quận
241,3.3,44.0,75.0,hoàn kiếm,Quận
242,4.6,50.0,92.0,hoàn kiếm,Quận
243,1.65,18.0,91.67,hoàn kiếm,Quận
244,7.8,92.0,84.78,đống đa,Quận
245,3.85,50.0,77.0,ba đình,Quận
246,4.3,46.0,93.48,ba đình,Quận
247,4.3,43.0,100.0,ba đình,Quận
248,7.7,36.0,213.89,hoàn kiếm,Quận
249,3.8,45.0,84.44,hoàn kiếm,Quận
250,2.65,23.0,115.22,đống đa,Quận
251,40.0,43.0,930.23,ba đình,Quận
252,6.1,50.0,122.0,hà đông,Quận
253,3.15,42.0,75.0,hoàn kiếm,Quận
254,3.75,40.0,93.75,hoàn kiếm,Quận
255,6.5,99.0,65.66,long biên,Quận
256,16.8,70.0,240.0,hoàn kiếm,Quận
257,11.5,50.0,230.0,ba đình,Quận
258,5.6,60.0,93.33,long biên,Quận
259,5.0,50.0,100.0,long biên,Quận
260,3.4,54.0,62.96,hoàn kiếm,Quận
261,3.7,50.0,74.0,hoàn kiếm,Quận
262,3.8,44.0,86.36,hoàn kiếm,Quận
263,5.0,38.0,131.58,ba đình,Quận
264,3.25,35.0,92.86,thanh xuân,Quận
265,3.35,39.0,85.9,hoàn kiếm,Quận
266,3.3,32.0,103.12,hoàn kiếm,Quận
267,2.8,38.0,73.68,hà đông,Quận
268,2.55,35.0,72.86,hà đông,Quận
269,2.55,35.0,72.86,thanh trì,Huyện
270,40.0,36.0,1111.11,đống đa,Quận
271,8.0,50.0,160.0,đống đa,Quận
272,3.6,28.0,128.57,hoàn kiếm,Quận
273,11.0,100.0,110.0,long biên,Quận
274,4.5,68.0,66.18,hoàn kiếm,Quận
275,3.95,55.0,71.82,hoàn kiếm,Quận
276,22.5,231.0,97.4,thanh xuân,Quận
277,4.5,54.0,83.33,hoàn kiếm,Quận
278,4.0,50.0,80.0,hà đông,Quận
279,5.9,50.0,118.0,long biên,Quận
280,2.95,38.0,77.63,hoàn kiếm,Quận
281,5.0,60.0,83.33,thanh xuân,Quận
282,3.65,41.0,89.02,hoàn kiếm,Quận
283,3.3,39.0,84.62,hoàn kiếm,Quận
284,3.1,30.0,103.33,hoàn kiếm,Quận
285,25.0,247.0,101.21,gia lâm,Huyện
286,5.0,30.0,166.67,ba đình,Quận
287,6.4,50.0,128.0,ba đình,Quận
288,8.0,40.0,200.0,hoàn kiếm,Quận
289,24.0,160.0,150.0,đống đa,Quận
290,8.5,50.0,170.0,hoàn kiếm,Quận
291,12.6,68.0,185.29,hoàn kiếm,Quận
292,16.8,65.0,258.46,đống đa,Quận
293,11.5,70.0,164.29,đống đa,Quận
294,14.5,66.0,219.7,đống đa,Quận
295,5.7,63.0,90.48,long biên,Quận
296,5.2,50.0,104.0,ba đình,Quận
297,15.5,60.0,258.33,ba đình,Quận
298,8.5,60.0,141.67,thanh xuân,Quận
299,6.0,87.0,68.97,long biên,Quận
300,2.8,40.0,70.0,long biên,Quận
301,7.5,89.0,84.27,long biên,Quận
302,23.0,112.0,205.36,long biên,Quận
303,1.76,54.0,32.59,tây hồ,Quận
304,2.6,73.0,35.62,long biên,Quận
305,2.93,36.0,81.39,long biên,Quận
306,2.75,60.0,45.83,long biên,Quận
307,2.0,33.0,60.61,long biên,Quận
308,4.6,52.0,88.46,long biên,Quận
309,5.0,55.0,90.91,long biên,Quận
310,6.0,90.0,66.67,long biên,Quận
311,2.17,35.0,62.0,hà đông,Quận
312,3.3,60.0,55.0,long biên,Quận
313,12.8,80.0,160.0,thanh xuân,Quận
314,4.1,38.0,107.89,ba đình,Quận
315,4.2,35.0,120.0,ba đình,Quận
316,3.5,33.0,106.06,nam từ liêm,Quận
317,5.0,60.0,83.33,tây hồ,Quận
318,2.5,40.0,62.5,long biên,Quận
319,3.9,30.0,130.0,ba đình,Quận
320,3.8,42.0,90.48,ba đình,Quận
321,7.3,61.0,119.67,hoàn kiếm,Quận
322,4.2,45.0,93.33,nam từ liêm,Quận
323,7.8,32.0,243.75,hoàn kiếm,Quận
324,14.0,130.0,107.69,thanh xuân,Quận
325,4.8,58.0,82.76,hoàn kiếm,Quận
326,4.0,40.0,100.0,long biên,Quận
327,7.7,50.0,154.0,thanh xuân,Quận
328,2.65,35.0,75.71,thanh xuân,Quận
329,5.2,50.0,104.0,thanh trì,Huyện
330,1.75,34.0,51.47,thanh xuân,Quận
331,3.7,37.0,100.0,ba đình,Quận
332,3.05,33.0,92.42,đống đa,Quận
333,8.0,118.0,67.8,long biên,Quận
334,21.0,65.0,323.08,ba đình,Quận
335,11.2,60.0,186.67,đống đa,Quận
336,2.3,35.0,65.71,hoàn kiếm,Quận
337,6.5,60.0,108.33,hoàn kiếm,Quận
338,6.0,33.0,181.82,ba đình,Quận
339,3.5,40.0,87.5,thanh xuân,Quận
340,26.5,80.0,331.25,đống đa,Quận
341,14.8,50.0,296.0,tây hồ,Quận
342,3.4,25.0,136.0,tây hồ,Quận
343,12.0,96.0,125.0,long biên,Quận
344,5.0,85.0,58.82,hoàn kiếm,Quận
345,2.15,35.0,61.43,hà đông,Quận
346,3.2,33.0,96.97,hà đông,Quận
347,3.1,31.0,100.0,hoàn kiếm,Quận
348,8.2,32.0,256.25,đống đa,Quận
349,2.5,30.0,83.33,hà đông,Quận
350,2.0,27.0,74.07,hoàng mai,Quận
351,2.5,39.0,64.1,hoàng mai,Quận
352,1.9,25.0,76.0,thanh xuân,Quận
353,3.2,35.0,91.43,bắc từ liêm,Quận
354,3.7,35.0,105.71,bắc từ liêm,Quận
355,13.2,108.0,122.22,tây hồ,Quận
356,3.6,41.0,87.8,hoàn kiếm,Quận
357,2.0,34.0,58.82,hà đông,Quận
358,3.5,35.0,100.0,thanh xuân,Quận
359,3.25,32.0,101.56,bắc từ liêm,Quận
360,3.4,30.0,113.33,hoàn kiếm,Quận
361,2.72,40.0,68.0,thanh xuân,Quận
362,2.95,30.0,98.33,đống đa,Quận
363,2.6,43.0,60.47,hoàn kiếm,Quận
364,2.3,42.0,54.76,hoàn kiếm,Quận
365,29.0,137.0,211.68,long biên,Quận
366,2.55,24.0,106.25,ba đình,Quận
367,26.5,70.0,378.57,ba đình,Quận
368,1.9,30.0,63.33,long biên,Quận
369,7.0,70.0,100.0,long biên,Quận
370,8.5,50.0,170.0,long biên,Quận
371,20.0,85.0,235.29,long biên,Quận
372,3.5,63.0,55.56,long biên,Quận
373,8.7,100.0,87.0,long biên,Quận
374,3.45,62.0,55.65,long biên,Quận
375,2.6,38.0,68.42,long biên,Quận
376,3.3,58.0,56.9,long biên,Quận
377,1.8,45.0,40.0,long biên,Quận
378,2.0,38.0,52.63,long biên,Quận
379,4.1,46.0,89.13,long biên,Quận
380,7.3,76.0,96.05,long biên,Quận
381,3.4,51.0,66.67,hà đông,Quận
382,4.6,70.0,65.71,long biên,Quận
383,6.7,90.0,74.44,long biên,Quận
384,3.1,37.0,83.78,ba đình,Quận
385,3.3,35.0,94.29,hoàng mai,Quận
386,3.9,38.0,102.63,ba đình,Quận
387,1.74,30.0,58.0,long biên,Quận
388,1.74,32.0,54.38,hoài đức,Huyện
389,1.74,30.0,58.0,gia lâm,Huyện
390,1.77,33.0,53.64,hoài đức,Huyện
391,6.0,94.0,63.83,long biên,Quận
392,3.4,41.0,82.93,hoàn kiếm,Quận
393,4.35,30.0,145.0,ba đình,Quận
394,2.15,25.0,86.0,đống đa,Quận
395,10.3,55.0,187.27,ba đình,Quận
396,3.8,38.0,100.0,ba đình,Quận
397,1.0,28.0,35.71,đống đa,Quận
398,3.1,30.0,103.33,hoàn kiếm,Quận
399,7.3,78.0,93.59,thanh xuân,Quận
400,1.2,35.0,34.29,tây hồ,Quận
401,3.6,45.0,80.0,ba đình,Quận
402,16.8,80.0,210.0,đống đa,Quận
403,3.5,32.0,109.38,hoàn kiếm,Quận
404,3.6,32.0,112.5,hoàn kiếm,Quận
405,2.85,38.0,75.0,thanh xuân,Quận
406,3.7,50.0,74.0,hoàn kiếm,Quận
407,2.7,40.0,67.5,thanh trì,Huyện
408,3.95,42.0,94.05,đống đa,Quận
409,4.0,53.0,75.47,đống đa,Quận
410,14.5,90.0,161.11,hoàn kiếm,Quận
411,4.9,44.0,111.36,thanh trì,Huyện
412,4.0,62.0,64.52,ba đình,Quận
413,2.15,32.0,67.19,nam từ liêm,Quận
414,8.0,75.0,106.67,ba đình,Quận
415,3.5,45.0,77.78,hoàng mai,Quận
416,3.3,36.0,91.67,hoàng mai,Quận
417,2.85,35.0,81.43,tây hồ,Quận
418,3.6,31.0,116.13,hoàn kiếm,Quận
419,1.95,31.0,62.9,long biên,Quận
420,5.8,50.0,116.0,đống đa,Quận
421,13.5,100.0,135.0,long biên,Quận
422,7.0,60.0,116.67,thanh trì,Huyện
423,6.0,54.0,111.11,đống đa,Quận
424,3.0,33.0,90.91,thanh xuân,Quận
425,15.7,65.0,241.54,đống đa,Quận
426,2.55,33.0,77.27,hà đông,Quận
427,1.45,16.0,90.62,đống đa,Quận
428,3.7,67.0,55.22,đống đa,Quận
429,7.0,70.0,100.0,thanh xuân,Quận
430,3.7,44.0,84.09,nam từ liêm,Quận
431,2.88,35.0,82.29,hoàn kiếm,Quận
432,4.35,58.0,75.0,hoàn kiếm,Quận
433,9.8,78.0,125.64,hà đông,Quận
434,14.5,60.0,241.67,ba đình,Quận
435,7.8,45.0,173.33,hoàn kiếm,Quận
436,3.2,48.0,66.67,ba đình,Quận
437,8.7,60.0,145.0,thanh xuân,Quận
438,4.95,120.0,41.25,ba đình,Quận
439,4.9,53.0,92.45,long biên,Quận
440,3.5,30.0,116.67,đống đa,Quận
441,11.2,45.0,248.89,tây hồ,Quận
442,9.3,53.3,174.48,long biên,Quận
443,3.65,36.0,101.39,tây hồ,Quận
444,3.85,46.0,83.7,hà đông,Quận
445,2.1,30.0,70.0,long biên,Quận
446,2.2,40.0,55.0,đống đa,Quận
447,3.05,30.0,101.67,thanh xuân,Quận
448,5.2,50.0,104.0,đống đa,Quận
449,6.1,35.0,174.29,đống đa,Quận
450,4.05,60.0,67.5,đống đa,Quận
451,2.3,24.0,95.83,đống đa,Quận
452,3.4,32.0,106.25,thanh xuân,Quận
453,2.9,31.0,93.55,hoàn kiếm,Quận
454,10.5,60.0,175.0,ba đình,Quận
455,12.7,60.0,211.67,ba đình,Quận
456,8.9,123.0,72.36,bắc từ liêm,Quận
457,11.0,70.0,157.14,ba đình,Quận
458,8.5,88.0,96.59,thanh xuân,Quận
459,3.3,42.0,78.57,hoàn kiếm,Quận
460,15.5,160.0,96.88,hoàn kiếm,Quận
461,7.0,47.0,148.94,thanh xuân,Quận
462,4.0,45.0,88.89,long biên,Quận
463,2.5,30.0,83.33,long biên,Quận
464,2.0,30.0,66.67,tây hồ,Quận
465,3.45,35.0,98.57,hoàn kiếm,Quận
466,4.1,60.0,68.33,long biên,Quận
467,5.5,35.0,157.14,ba đình,Quận
468,1.2,31.2,38.46,hoài đức,Huyện
469,4.2,46.0,91.3,tây hồ,Quận
470,2.93,18.0,162.78,đống đa,Quận
471,13.5,111.0,121.62,hoàn kiếm,Quận
472,1.56,30.0,52.0,tây hồ,Quận
473,4.0,32.0,125.0,thanh xuân,Quận
474,6.0,39.0,153.85,thanh xuân,Quận
475,2.45,27.0,90.74,hoàn kiếm,Quận
476,2.6,33.0,78.79,hà đông,Quận
477,5.8,55.0,105.45,thanh xuân,Quận
478,2.7,45.0,60.0,hoàn kiếm,Quận
479,14.3,150.0,95.33,bắc từ liêm,Quận
480,23.9,115.0,207.83,nam từ liêm,Quận
481,3.3,60.0,55.0,hà đông,Quận
482,17.9,90.0,198.89,ba đình,Quận
483,1.65,31.0,53.23,hà đông,Quận
484,6.7,46.0,145.65,hoàn kiếm,Quận
485,12.9,58.0,222.41,tây hồ,Quận
486,10.8,95.0,113.68,ba đình,Quận
487,4.3,33.0,130.3,hoàn kiếm,Quận
488,4.53,62.0,73.06,long biên,Quận
489,6.7,51.0,131.37,ba đình,Quận
490,3.5,30.0,116.67,tây hồ,Quận
491,11.5,62.0,185.48,đống đa,Quận
492,6.0,68.0,88.24,long biên,Quận
493,3.2,26.0,123.08,đống đa,Quận
494,11.8,70.0,168.57,thanh xuân,Quận
495,12.8,85.0,150.59,hoàn kiếm,Quận
496,2.4,25.0,96.0,hoàn kiếm,Quận
497,6.4,111.0,57.66,đống đa,Quận
498,4.55,60.0,75.83,long biên,Quận
499,22.0,90.0,244.44,thanh xuân,Quận
500,2.7,30.0,90.0,đống đa,Quận
501,1.5,36.0,41.67,hoài đức,Huyện
502,2.4,38.0,63.16,hoàn kiếm,Quận
503,3.2,52.0,61.54,long biên,Quận
504,2.8,41.0,68.29,long biên,Quận
505,4.3,82.0,52.44,long biên,Quận
506,3.2,46.0,69.57,long biên,Quận
507,2.4,45.0,53.33,long biên,Quận
508,2.5,35.0,71.43,long biên,Quận
509,3.6,52.0,69.23,long biên,Quận
510,3.95,48.0,82.29,long biên,Quận
511,3.4,77.0,44.16,long biên,Quận
512,6.6,50.0,132.0,ba đình,Quận
513,3.1,34.0,91.18,long biên,Quận
514,7.49,55.0,136.18,ba đình,Quận
515,3.4,68.0,50.0,long biên,Quận
516,2.4,24.0,100.0,đống đa,Quận
517,6.0,85.0,70.59,hoàn kiếm,Quận
518,4.0,62.0,64.52,hoàn kiếm,Quận
519,2.6,38.0,68.42,hoàn kiếm,Quận
520,8.0,72.0,111.11,ba đình,Quận
521,2.9,37.0,78.38,ba đình,Quận
522,3.5,36.0,97.22,hoàn kiếm,Quận
523,1.55,20.0,77.5,hoàn kiếm,Quận
524,2.3,39.8,57.79,long biên,Quận
525,3.09,40.0,77.25,long biên,Quận
526,3.0,78.0,38.46,nam từ liêm,Quận
527,14.2,50.0,284.0,ba đình,Quận
528,3.95,66.0,59.85,long biên,Quận
529,8.2,90.0,91.11,long biên,Quận
530,8.9,75.0,118.67,đống đa,Quận
531,2.43,40.0,60.75,hoàn kiếm,Quận
532,10.0,55.0,181.82,ba đình,Quận
533,4.2,32.0,131.25,long biên,Quận
534,5.0,35.0,142.86,hoàn kiếm,Quận
535,4.35,48.0,90.62,đống đa,Quận
536,2.95,34.0,86.76,long biên,Quận
537,3.25,35.0,92.86,đống đa,Quận
538,7.7,57.0,135.09,ba đình,Quận
539,6.5,50.0,130.0,thanh xuân,Quận
540,1.92,30.0,64.0,hoàn kiếm,Quận
541,4.5,35.0,128.57,thanh xuân,Quận
542,4.8,55.0,87.27,đống đa,Quận
543,3.3,75.0,44.0,nam từ liêm,Quận
544,8.5,76.1,111.7,gia lâm,Huyện
545,16.0,230.0,69.57,hoàn kiếm,Quận
546,15.9,227.0,70.04,đông anh,Huyện
547,3.9,35.0,111.43,đống đa,Quận
548,3.3,30.0,110.0,đống đa,Quận
549,2.6,37.0,70.27,hoàn kiếm,Quận
550,5.95,53.0,112.26,hoàn kiếm,Quận
551,1.3,35.0,37.14,bắc từ liêm,Quận
552,1.09,33.0,33.03,hà đông,Quận
553,1.2,32.0,37.5,hà đông,Quận
554,2.66,30.0,88.67,hà đông,Quận
555,5.7,26.0,219.23,hoàn kiếm,Quận
556,4.5,45.0,100.0,tây hồ,Quận
557,12.0,68.0,176.47,tây hồ,Quận
558,4.7,45.0,104.44,ba đình,Quận
559,6.7,45.0,148.89,thanh xuân,Quận
560,4.5,72.0,62.5,long biên,Quận
561,4.25,40.0,106.25,hoàn kiếm,Quận
562,2.75,33.0,83.33,long biên,Quận
563,2.5,40.0,62.5,hoàn kiếm,Quận
564,5.7,30.0,190.0,hoàn kiếm,Quận
565,4.4,64.0,68.75,long biên,Quận
566,2.8,40.0,70.0,ba đình,Quận
567,4.7,74.0,63.51,long biên,Quận
568,6.45,55.0,117.27,ba đình,Quận
569,7.8,42.0,185.71,đống đa,Quận
570,8.15,62.0,131.45,ba đình,Quận
571,5.3,75.0,70.67,tây hồ,Quận
572,4.0,41.0,97.56,ba đình,Quận
573,3.65,38.0,96.05,ba đình,Quận
574,2.15,33.0,65.15,long biên,Quận
575,7.0,40.0,175.0,ba đình,Quận
576,6.5,60.0,108.33,thanh xuân,Quận
577,4.8,45.0,106.67,đống đa,Quận
578,5.0,56.0,89.29,hoàn kiếm,Quận
579,1.75,32.0,54.69,hà đông,Quận
580,5.0,76.0,65.79,đống đa,Quận
581,3.45,36.0,95.83,hoàn kiếm,Quận
582,10.7,89.39,119.7,gia lâm,Huyện
583,2.6,32.0,81.25,hoàn kiếm,Quận
584,4.4,41.0,107.32,hoàn kiếm,Quận
585,8.8,50.0,176.0,bắc từ liêm,Quận
586,7.0,45.0,155.56,ba đình,Quận
587,4.8,25.0,192.0,hoàn kiếm,Quận
588,5.5,50.0,110.0,tây hồ,Quận
589,4.6,45.0,102.22,ba đình,Quận
590,25.0,90.0,277.78,hoàn kiếm,Quận
591,17.0,63.0,269.84,ba đình,Quận
592,24.0,77.0,311.69,hoàn kiếm,Quận
593,2.2,29.0,75.86,hoàn kiếm,Quận
594,6.3,50.0,126.0,ba đình,Quận
595,3.25,39.0,83.33,hoàn kiếm,Quận
596,2.5,42.0,59.52,long biên,Quận
597,4.6,51.0,90.2,ba đình,Quận
598,6.8,55.0,123.64,ba đình,Quận
599,2.6,30.0,86.67,hoàn kiếm,Quận
600,5.4,46.0,117.39,đống đa,Quận
601,3.5,48.0,72.92,hoàn kiếm,Quận
602,6.8,60.0,113.33,thanh xuân,Quận
603,12.7,90.0,141.11,ba đình,Quận
604,2.35,26.0,90.38,hoàn kiếm,Quận
605,3.0,35.0,85.71,ba đình,Quận
606,3.19,45.0,70.89,long biên,Quận
607,4.65,35.0,132.86,ba đình,Quận
608,5.4,30.0,180.0,ba đình,Quận
609,5.4,58.0,93.1,nam từ liêm,Quận
610,8.1,35.0,231.43,đống đa,Quận
611,3.6,39.0,92.31,hoàn kiếm,Quận
612,3.2,30.0,106.67,đống đa,Quận
613,4.4,48.0,91.67,hoàn kiếm,Quận
614,3.3,35.0,94.29,đống đa,Quận
615,4.25,40.0,106.25,hoàn kiếm,Quận
616,4.8,38.0,126.32,long biên,Quận
617,3.5,38.0,92.11,hoàn kiếm,Quận
618,4.4,43.0,102.33,hà đông,Quận
619,4.55,38.0,119.74,thanh xuân,Quận
620,12.0,50.0,240.0,hoàn kiếm,Quận
621,3.45,40.0,86.25,hoàn kiếm,Quận
622,2.99,32.0,93.44,hoàn kiếm,Quận
623,14.0,60.0,233.33,ba đình,Quận
624,3.55,30.0,118.33,đống đa,Quận
625,12.9,143.0,90.21,long biên,Quận
626,7.95,60.0,132.5,đống đa,Quận
627,4.15,45.0,92.22,hà đông,Quận
628,4.8,50.0,96.0,thanh trì,Huyện
629,4.9,50.0,98.0,long biên,Quận
630,1.2,35.0,34.29,hoài đức,Huyện
631,1.6,35.0,45.71,hoài đức,Huyện
632,11.0,60.0,183.33,ba đình,Quận
633,2.9,40.0,72.5,long biên,Quận
634,5.5,32.0,171.88,ba đình,Quận
635,1.1,32.0,34.38,hà đông,Quận
636,2.7,40.0,67.5,bắc từ liêm,Quận
637,7.2,50.0,144.0,ba đình,Quận
638,2.6,58.0,44.83,long biên,Quận
639,5.0,77.0,64.94,long biên,Quận
640,14.5,75.0,193.33,đống đa,Quận
641,3.4,41.5,81.93,long biên,Quận
642,3.0,52.0,57.69,long biên,Quận
643,2.5,40.0,62.5,nam từ liêm,Quận
644,5.8,45.0,128.89,hoàn kiếm,Quận
645,18.0,74.0,243.24,đống đa,Quận
646,1.95,32.0,60.94,long biên,Quận
647,27.0,68.0,397.06,ba đình,Quận
648,28.0,95.0,294.74,thanh xuân,Quận
649,2.7,92.0,29.35,long biên,Quận
650,7.0,52.0,134.62,đống đa,Quận
651,7.0,80.0,87.5,hoài đức,Huyện
652,2.75,32.0,85.94,đống đa,Quận
653,3.1,53.0,58.49,hoàn kiếm,Quận
654,3.1,40.0,77.5,ba đình,Quận
655,11.5,42.0,273.81,bắc từ liêm,Quận
656,1.5,40.0,37.5,hà đông,Quận
657,1.72,31.0,55.48,hà đông,Quận
658,4.1,43.0,95.35,nam từ liêm,Quận
659,13.0,80.0,162.5,thanh xuân,Quận
660,15.5,67.0,231.34,tây hồ,Quận
661,17.5,120.0,145.83,đống đa,Quận
662,1.9,32.0,59.38,long biên,Quận
663,1.73,35.0,49.43,hà đông,Quận
664,3.7,47.0,78.72,thanh xuân,Quận
665,1.65,33.0,50.0,bắc từ liêm,Quận
666,2.75,31.0,88.71,đống đa,Quận
667,7.3,59.0,123.73,ba đình,Quận
668,12.9,100.0,129.0,thanh xuân,Quận
669,7.0,60.0,116.67,ba đình,Quận
670,6.0,65.0,92.31,long biên,Quận
671,3.15,44.0,71.59,long biên,Quận
672,6.5,40.0,162.5,ba đình,Quận
673,2.0,39.0,51.28,long biên,Quận
674,3.5,34.0,102.94,hoàn kiếm,Quận
675,3.4,34.0,100.0,hoàn kiếm,Quận
676,11.0,60.0,183.33,đống đa,Quận
677,3.85,44.0,87.5,nam từ liêm,Quận
678,6.1,55.0,110.91,ba đình,Quận
679,1.3,40.0,32.5,hà đông,Quận
680,3.98,50.0,79.6,thanh xuân,Quận
681,4.0,44.0,90.91,đống đa,Quận
682,3.0,37.0,81.08,hoàn kiếm,Quận
683,4.8,52.0,92.31,đống đa,Quận
684,3.6,35.0,102.86,tây hồ,Quận
685,12.8,110.0,116.36,long biên,Quận
686,5.0,63.0,79.37,đống đa,Quận
687,6.4,45.0,142.22,thanh xuân,Quận
688,8.2,45.0,182.22,bắc từ liêm,Quận
689,7.5,70.0,107.14,đống đa,Quận
690,1.99,59.0,33.73,long biên,Quận
691,13.8,45.0,306.67,đống đa,Quận
692,2.9,165.0,17.58,thanh xuân,Quận
693,4.5,52.0,86.54,hoàn kiếm,Quận
694,5.29,50.0,105.8,long biên,Quận
695,6.5,48.88,132.98,long biên,Quận
696,3.4,35.0,97.14,hoàn kiếm,Quận
697,4.0,41.0,97.56,hoàn kiếm,Quận
698,2.8,52.0,53.85,hoàn kiếm,Quận
699,4.0,59.0,67.8,ba đình,Quận
700,2.8,35.0,80.0,bắc từ liêm,Quận
701,3.95,39.0,101.28,nam từ liêm,Quận
702,4.4,46.0,95.65,long biên,Quận
703,5.5,75.0,73.33,thanh xuân,Quận
704,2.5,30.0,83.33,nam từ liêm,Quận
705,3.15,34.0,92.65,hoàn kiếm,Quận
706,7.0,60.0,116.67,hoàn kiếm,Quận
707,9.8,45.0,217.78,đống đa,Quận
708,4.6,48.0,95.83,thanh xuân,Quận
709,1.05,85.0,12.35,hoàn kiếm,Quận
710,3.85,39.0,98.72,nam từ liêm,Quận
711,3.15,30.0,105.0,nam từ liêm,Quận
712,2.55,40.0,63.75,nam từ liêm,Quận
713,2.8,32.0,87.5,nam từ liêm,Quận
714,3.85,42.0,91.67,nam từ liêm,Quận
715,2.75,32.0,85.94,nam từ liêm,Quận
716,3.25,40.0,81.25,hoàn kiếm,Quận
717,4.8,40.0,120.0,hoàn kiếm,Quận
718,4.5,52.0,86.54,ba đình,Quận
719,5.8,70.0,82.86,long biên,Quận
720,1.06,33.0,32.12,hà đông,Quận
721,1.05,30.0,35.0,hoài đức,Huyện
722,6.8,75.0,90.67,ba đình,Quận
723,2.95,38.0,77.63,long biên,Quận
724,7.2,43.0,167.44,đống đa,Quận
725,1.3,31.0,41.94,hà đông,Quận
726,5.9,64.0,92.19,long biên,Quận
727,23.8,20.0,1190.0,đống đa,Quận
728,3.45,40.0,86.25,long biên,Quận
729,3.6,47.0,76.6,hoàn kiếm,Quận
730,5.5,41.0,134.15,ba đình,Quận
731,7.0,120.0,58.33,long biên,Quận
732,9.8,58.8,166.67,gia lâm,Huyện
733,8.6,140.0,61.43,bắc từ liêm,Quận
734,2.15,35.0,61.43,long biên,Quận
735,2.1,30.0,70.0,hà đông,Quận
736,2.65,36.0,73.61,bắc từ liêm,Quận
737,3.4,35.0,97.14,thanh xuân,Quận
738,8.5,90.0,94.44,hà đông,Quận
739,5.3,55.0,96.36,ba đình,Quận
740,2.73,35.0,78.0,thanh trì,Huyện
741,7.0,55.0,127.27,nam từ liêm,Quận
742,1.9,33.0,57.58,hoàn kiếm,Quận
743,2.45,40.0,61.25,long biên,Quận
744,8.8,55.0,160.0,nam từ liêm,Quận
745,4.5,54.0,83.33,ba đình,Quận
746,2.25,33.0,68.18,nam từ liêm,Quận
747,3.0,26.0,115.38,đống đa,Quận
748,4.5,42.0,107.14,long biên,Quận
749,2.37,27.0,87.78,thanh trì,Huyện
750,2.45,37.0,66.22,thanh trì,Huyện
751,4.7,45.0,104.44,hà đông,Quận
752,6.0,75.0,80.0,ba đình,Quận
753,2.7,40.0,67.5,long biên,Quận
754,6.6,55.0,120.0,bắc từ liêm,Quận
755,2.8,45.0,62.22,hoàn kiếm,Quận
756,16.5,15.0,1100.0,đống đa,Quận
757,7.0,60.0,116.67,ba đình,Quận
758,3.8,50.0,76.0,hoàn kiếm,Quận
759,2.6,40.0,65.0,hoàn kiếm,Quận
760,2.25,25.0,90.0,hoàn kiếm,Quận
761,12.5,80.0,156.25,tây hồ,Quận
762,2.85,42.0,67.86,long biên,Quận
763,6.2,55.0,112.73,hoàn kiếm,Quận
764,4.2,40.0,105.0,ba đình,Quận
765,8.8,34.0,258.82,ba đình,Quận
766,4.8,52.0,92.31,thanh xuân,Quận
767,3.1,45.0,68.89,hoàn kiếm,Quận
768,8.5,70.0,121.43,ba đình,Quận
769,4.25,60.0,70.83,tây hồ,Quận
770,2.5,22.0,113.64,ba đình,Quận
771,23.0,430.0,53.49,tây hồ,Quận
772,19.2,109.0,176.15,đống đa,Quận
773,6.0,60.0,100.0,long biên,Quận
774,25.0,99.0,252.53,tây hồ,Quận
775,7.8,55.0,141.82,tây hồ,Quận
776,2.0,33.0,60.61,hà đông,Quận
777,2.9,30.0,96.67,bắc từ liêm,Quận
778,3.9,35.0,111.43,ba đình,Quận
779,7.6,70.0,108.57,ba đình,Quận
780,1.7,35.0,48.57,long biên,Quận
781,1.9,42.0,45.24,long biên,Quận
782,15.8,112.0,141.07,thanh xuân,Quận
783,26.8,144.0,186.11,nam từ liêm,Quận
784,3.3,30.0,110.0,hoàn kiếm,Quận
785,2.1,40.0,52.5,thường tín,Huyện
786,13.6,86.0,158.14,ba đình,Quận
787,3.0,40.0,75.0,thanh xuân,Quận
788,5.15,98.0,52.55,hoàn kiếm,Quận
789,5.5,40.0,137.5,nam từ liêm,Quận
790,5.3,36.0,147.22,hoàn kiếm,Quận
791,3.6,42.0,85.71,long biên,Quận
792,2.1,35.0,60.0,long biên,Quận
793,1.95,30.0,65.0,long biên,Quận
794,5.0,40.0,125.0,hoàn kiếm,Quận
795,1.17,30.0,39.0,hà đông,Quận
796,5.0,45.0,111.11,hoàn kiếm,Quận
797,3.4,50.0,68.0,long biên,Quận
798,4.2,50.0,84.0,ba đình,Quận
799,3.1,78.0,39.74,hoàn kiếm,Quận
800,6.1,96.0,63.54,hoàn kiếm,Quận
801,7.1,55.0,129.09,hà đông,Quận
802,2.5,31.0,80.65,thanh trì,Huyện
803,3.35,32.0,104.69,hà đông,Quận
804,4.1,48.0,85.42,hà đông,Quận
805,3.35,40.0,83.75,hà đông,Quận
806,3.95,52.0,75.96,bắc từ liêm,Quận
807,3.1,36.0,86.11,hà đông,Quận
808,2.3,33.0,69.7,hà đông,Quận
809,2.4,48.0,50.0,hà đông,Quận
810,3.1,30.0,103.33,long biên,Quận
811,3.75,50.0,75.0,hà đông,Quận
812,2.7,37.0,72.97,hà đông,Quận
813,2.6,46.0,56.52,hà đông,Quận
814,2.0,19.0,105.26,hà đông,Quận
815,2.6,45.0,57.78,hà đông,Quận
816,1.75,36.0,48.61,hà đông,Quận
817,2.48,30.0,82.67,hà đông,Quận
818,2.45,40.0,61.25,hà đông,Quận
819,3.55,50.0,71.0,hà đông,Quận
820,3.75,38.0,98.68,hà đông,Quận
821,5.95,57.0,104.39,hà đông,Quận
822,5.9,57.0,103.51,hà đông,Quận
823,4.3,48.0,89.58,hà đông,Quận
824,2.45,47.0,52.13,đông anh,Huyện
825,5.1,60.1,84.86,long biên,Quận
826,6.7,55.0,121.82,hoàn kiếm,Quận
827,4.2,38.0,110.53,hà đông,Quận
828,4.2,39.0,107.69,hà đông,Quận
829,4.6,42.0,109.52,hà đông,Quận
830,4.9,52.0,94.23,hà đông,Quận
831,5.8,77.0,75.32,hà đông,Quận
832,5.8,53.0,109.43,hà đông,Quận
833,5.5,54.0,101.85,hà đông,Quận
834,7.9,60.0,131.67,hoàn kiếm,Quận
835,4.55,50.0,91.0,hà đông,Quận
836,4.7,51.0,92.16,hà đông,Quận
837,5.3,62.0,85.48,hà đông,Quận
838,5.3,33.0,160.61,hà đông,Quận
839,3.38,45.0,75.11,hà đông,Quận
840,3.7,52.0,71.15,hà đông,Quận
841,3.2,52.0,61.54,hà đông,Quận
842,5.5,84.0,65.48,hà đông,Quận
843,4.2,40.0,105.0,hà đông,Quận
844,4.25,44.0,96.59,hà đông,Quận
845,4.25,36.0,118.06,hà đông,Quận
846,4.45,33.0,134.85,hà đông,Quận
847,4.5,46.0,97.83,hà đông,Quận
848,4.55,36.0,126.39,hà đông,Quận
849,4.0,34.0,117.65,hà đông,Quận
850,3.95,33.0,119.7,hà đông,Quận
851,3.85,38.0,101.32,hà đông,Quận
852,3.5,45.0,77.78,hà đông,Quận
853,4.0,31.0,129.03,hà đông,Quận
854,3.7,36.0,102.78,hà đông,Quận
855,3.35,50.0,67.0,hà đông,Quận
856,3.7,42.0,88.1,hà đông,Quận
857,3.7,40.0,92.5,hà đông,Quận
858,3.85,41.0,93.9,hà đông,Quận
859,3.8,50.0,76.0,hà đông,Quận
860,3.8,32.0,118.75,hà đông,Quận
861,3.8,39.0,97.44,hà đông,Quận
862,3.65,41.0,89.02,hà đông,Quận
863,3.6,33.0,109.09,hà đông,Quận
864,3.25,34.0,95.59,hà đông,Quận
865,3.3,30.0,110.0,hà đông,Quận
866,3.4,35.0,97.14,hà đông,Quận
867,3.3,51.0,64.71,hà đông,Quận
868,3.55,32.0,110.94,hà đông,Quận
869,3.6,32.0,112.5,hà đông,Quận
870,3.6,92.0,39.13,hà đông,Quận
871,3.65,33.0,110.61,hà đông,Quận
872,3.65,23.0,158.7,hà đông,Quận
873,2.5,45.0,55.56,hà đông,Quận
874,3.4,39.0,87.18,hà đông,Quận
875,4.85,50.0,97.0,hà đông,Quận
876,4.95,50.0,99.0,hà đông,Quận
877,4.1,38.0,107.89,hà đông,Quận
878,3.5,53.0,66.04,hà đông,Quận
879,2.35,30.0,78.33,hà đông,Quận
880,4.2,73.0,57.53,hà đông,Quận
881,3.1,34.0,91.18,hà đông,Quận
882,3.15,36.0,87.5,hà đông,Quận
883,3.25,53.0,61.32,hà đông,Quận
884,2.85,30.0,95.0,hà đông,Quận
885,5.7,60.0,95.0,hà đông,Quận
886,3.9,35.0,111.43,hà đông,Quận
887,2.4,44.0,54.55,hà đông,Quận
888,3.75,60.0,62.5,hà đông,Quận
889,2.9,33.0,87.88,hà đông,Quận
890,2.5,34.0,73.53,hà đông,Quận
891,2.98,38.0,78.42,hà đông,Quận
892,3.7,34.0,108.82,hà đông,Quận
893,3.38,39.0,86.67,hà đông,Quận
894,5.8,56.0,103.57,hà đông,Quận
895,7.7,68.0,113.24,ba đình,Quận
896,3.75,36.0,104.17,bắc từ liêm,Quận
897,2.5,34.0,73.53,bắc từ liêm,Quận
898,5.95,50.0,119.0,hoàn kiếm,Quận
899,2.08,20.0,104.0,hoàn kiếm,Quận
900,4.8,50.0,96.0,đống đa,Quận
901,3.55,34.0,104.41,tây hồ,Quận
902,9.5,45.0,211.11,đống đa,Quận
903,45.0,105.0,428.57,thanh xuân,Quận
904,7.5,67.0,111.94,ba đình,Quận
905,13.5,65.0,207.69,ba đình,Quận
906,2.25,41.0,54.88,nam từ liêm,Quận
907,9.9,82.0,120.73,hoàn kiếm,Quận
908,10.9,50.0,218.0,ba đình,Quận
909,6.5,75.0,86.67,ba đình,Quận
910,5.8,14.0,414.29,đống đa,Quận
911,5.5,52.0,105.77,thanh xuân,Quận
912,1.4,33.0,42.42,thanh oai,Huyện
913,2.05,35.0,58.57,hà đông,Quận
914,23.0,281.0,81.85,hoàn kiếm,Quận
915,2.3,35.0,65.71,hà đông,Quận
916,1.62,31.0,52.26,hà đông,Quận
917,3.05,40.0,76.25,long biên,Quận
918,9.1,52.0,175.0,ba đình,Quận
919,3.7,37.0,100.0,ba đình,Quận
920,1.9,32.0,59.38,hoàn kiếm,Quận
921,4.15,39.0,106.41,ba đình,Quận
922,5.0,36.0,138.89,ba đình,Quận
923,19.5,85.0,229.41,tây hồ,Quận
924,3.6,38.0,94.74,hoàn kiếm,Quận
925,2.85,42.0,67.86,đống đa,Quận
926,7.5,40.0,187.5,ba đình,Quận
927,11.0,65.0,169.23,nam từ liêm,Quận
928,4.3,63.0,68.25,thanh trì,Huyện
929,3.5,39.0,89.74,ba đình,Quận
930,7.8,145.0,53.79,hoàn kiếm,Quận
931,12.9,120.0,107.5,ba đình,Quận
932,3.75,52.0,72.12,hoàn kiếm,Quận
933,2.95,32.0,92.19,bắc từ liêm,Quận
934,4.68,52.0,90.0,đống đa,Quận
935,5.2,36.0,144.44,ba đình,Quận
936,6.25,40.0,156.25,hoàn kiếm,Quận
937,1.51,32.0,47.19,hà đông,Quận
938,1.93,30.0,64.33,hà đông,Quận
939,5.0,56.0,89.29,ba đình,Quận
940,3.5,42.0,83.33,đống đa,Quận
941,3.5,50.0,70.0,hoàn kiếm,Quận
942,5.1,81.0,62.96,long biên,Quận
943,6.5,80.0,81.25,long biên,Quận
944,3.3,48.0,68.75,hoàn kiếm,Quận
945,2.58,30.0,86.0,hoàn kiếm,Quận
946,2.6,30.0,86.67,hoàn kiếm,Quận
947,2.6,30.0,86.67,thanh xuân,Quận
948,3.5,57.0,61.4,đống đa,Quận
949,11.6,80.0,145.0,đống đa,Quận
950,16.5,110.0,150.0,tây hồ,Quận
951,3.68,48.0,76.67,đống đa,Quận
952,20.0,160.0,125.0,thanh xuân,Quận
953,2.9,35.0,82.86,đống đa,Quận
954,2.9,28.0,103.57,hoàn kiếm,Quận
955,6.3,59.0,106.78,tây hồ,Quận
956,2.2,31.0,70.97,hoài đức,Huyện
957,10.5,50.0,210.0,ba đình,Quận
958,6.5,97.0,67.01,long biên,Quận
959,2.15,18.0,119.44,đống đa,Quận
960,3.8,40.0,95.0,bắc từ liêm,Quận
961,3.35,32.0,104.69,nam từ liêm,Quận
962,8.0,36.0,222.22,ba đình,Quận
963,5.5,40.0,137.5,tây hồ,Quận
964,3.45,31.0,111.29,ba đình,Quận
965,3.4,31.0,109.68,ba đình,Quận
966,3.95,40.0,98.75,nam từ liêm,Quận
967,10.8,40.0,270.0,đống đa,Quận
968,1.5,30.0,50.0,long biên,Quận
969,4.75,43.0,110.47,đống đa,Quận
970,1.43,40.0,35.75,hà đông,Quận
971,2.09,30.0,69.67,hà đông,Quận
972,1.62,30.0,54.0,hà đông,Quận
973,1.78,42.0,42.38,hà đông,Quận
974,1.9,35.0,54.29,hà đông,Quận
975,1.28,32.0,40.0,hà đông,Quận
976,1.85,31.0,59.68,hà đông,Quận
977,1.7,32.0,53.12,hoài đức,Huyện
978,5.1,59.0,86.44,hà đông,Quận
979,9.4,72.0,130.56,tây hồ,Quận
980,4.2,41.0,102.44,ba đình,Quận
981,3.05,64.0,47.66,long biên,Quận
982,9.2,49.0,187.76,tây hồ,Quận
983,6.9,48.0,143.75,hà đông,Quận
984,6.8,50.0,136.0,hà đông,Quận
985,6.75,75.0,90.0,hà đông,Quận
986,6.75,48.0,140.62,hà đông,Quận
987,6.7,50.0,134.0,hà đông,Quận
988,6.5,60.0,108.33,hà đông,Quận
989,6.5,48.0,135.42,hà đông,Quận
990,11.0,110.0,100.0,nam từ liêm,Quận
991,5.1,36.0,141.67,ba đình,Quận
992,4.3,66.0,65.15,tây hồ,Quận
993,13.0,75.0,173.33,ba đình,Quận
994,6.0,42.0,142.86,nam từ liêm,Quận
995,3.6,50.0,72.0,tây hồ,Quận
996,3.7,50.0,74.0,tây hồ,Quận
997,7.7,49.0,157.14,ba đình,Quận
998,3.1,37.0,83.78,tây hồ,Quận
999,3.1,51.0,60.78,tây hồ,Quận
1000,2.75,35.0,78.57,thanh xuân,Quận
1001,5.25,38.0,138.16,nam từ liêm,Quận
1002,3.0,25.0,120.0,ba đình,Quận
1003,3.4,28.0,121.43,ba đình,Quận
1004,10.3,61.0,168.85,đống đa,Quận
1005,2.75,35.0,78.57,nam từ liêm,Quận
1006,3.2,125.0,25.6,đống đa,Quận
1007,2.25,23.0,97.83,hoàn kiếm,Quận
1008,30.0,76.0,394.74,ba đình,Quận
1009,11.5,52.0,221.15,ba đình,Quận
1010,6.05,40.0,151.25,ba đình,Quận
1011,6.8,46.0,147.83,ba đình,Quận
1012,6.2,46.0,134.78,ba đình,Quận
1013,6.3,46.0,136.96,ba đình,Quận
1014,5.7,33.0,172.73,ba đình,Quận
1015,4.3,38.0,113.16,ba đình,Quận
1016,2.5,40.0,62.5,hoàn kiếm,Quận
1017,6.0,43.0,139.53,ba đình,Quận
1018,4.7,43.0,109.3,ba đình,Quận
1019,3.9,30.0,130.0,ba đình,Quận
1020,5.15,40.0,128.75,đống đa,Quận
1021,3.5,32.0,109.38,ba đình,Quận
1022,5.1,40.0,127.5,ba đình,Quận
1023,2.75,24.0,114.58,ba đình,Quận
1024,4.0,55.0,72.73,hoàn kiếm,Quận
1025,4.3,51.0,84.31,tây hồ,Quận
1026,2.7,24.0,112.5,ba đình,Quận
1027,1.68,20.0,84.0,hoàn kiếm,Quận
1028,4.0,40.0,100.0,hoàn kiếm,Quận
1029,1.8,165.0,10.91,thanh xuân,Quận
1030,2.39,36.0,66.39,long biên,Quận
1031,3.8,40.0,95.0,ba đình,Quận
1032,10.0,50.0,200.0,tây hồ,Quận
1033,1.49,43.0,34.65,hà đông,Quận
1034,1.75,34.0,51.47,hà đông,Quận
1035,2.1,35.0,60.0,hà đông,Quận
1036,1.55,38.0,40.79,hà đông,Quận
1037,1.9,38.0,50.0,hà đông,Quận
1038,1.45,40.0,36.25,hà đông,Quận
1039,1.25,31.0,40.32,hà đông,Quận
1040,4.85,69.0,70.29,ba đình,Quận
1041,2.5,36.0,69.44,tây hồ,Quận
1042,3.2,45.0,71.11,ba đình,Quận
1043,4.1,50.0,82.0,tây hồ,Quận
1044,2.4,40.0,60.0,tây hồ,Quận
1045,4.3,40.0,107.5,đống đa,Quận
1046,11.7,45.0,260.0,ba đình,Quận
1047,6.4,56.0,114.29,tây hồ,Quận
1048,6.3,55.0,114.55,tây hồ,Quận
1049,18.0,115.0,156.52,hoàn kiếm,Quận
1050,2.6,180.0,14.44,thanh xuân,Quận
1051,4.0,65.0,61.54,long biên,Quận
1052,5.35,50.0,107.0,đống đa,Quận
1053,4.0,40.0,100.0,đống đa,Quận
1054,3.5,30.0,116.67,ba đình,Quận
1055,3.0,28.0,107.14,ba đình,Quận
1056,2.8,26.0,107.69,ba đình,Quận
1057,2.9,28.0,103.57,ba đình,Quận
1058,3.2,30.0,106.67,ba đình,Quận
1059,3.0,29.0,103.45,ba đình,Quận
1060,5.2,42.0,123.81,ba đình,Quận
1061,5.1,46.0,110.87,ba đình,Quận
1062,4.5,48.0,93.75,ba đình,Quận
1063,5.0,45.0,111.11,ba đình,Quận
1064,4.7,50.0,94.0,ba đình,Quận
1065,6.2,69.0,89.86,ba đình,Quận
1066,35.0,120.0,291.67,tây hồ,Quận
1067,3.6,46.0,78.26,nam từ liêm,Quận
1068,2.3,30.0,76.67,long biên,Quận
1069,2.7,36.0,75.0,tây hồ,Quận
1070,27.5,131.0,209.92,ba đình,Quận
1071,4.0,46.0,86.96,hà đông,Quận
1072,2.79,35.0,79.71,long biên,Quận
1073,2.35,35.0,67.14,long biên,Quận
1074,2.0,33.0,60.61,hoàn kiếm,Quận
1075,4.55,72.0,63.19,hà đông,Quận
1076,4.65,67.0,69.4,long biên,Quận
1077,3.6,45.0,80.0,hoàn kiếm,Quận
1078,0.95,18.0,52.78,long biên,Quận
1079,4.4,60.0,73.33,thanh xuân,Quận
1080,1.73,30.0,57.67,hoài đức,Huyện
1081,23.0,150.0,153.33,ba đình,Quận
1082,31.0,156.0,198.72,tây hồ,Quận
1083,36.0,220.0,163.64,tây hồ,Quận
1084,2.75,38.0,72.37,hoàn kiếm,Quận
1085,2.5,150.0,16.67,hoàn kiếm,Quận
1086,2.8,38.0,73.68,long biên,Quận
1087,8.6,87.0,98.85,long biên,Quận
1088,3.2,38.0,84.21,hoàn kiếm,Quận
1089,2.65,40.0,66.25,long biên,Quận
1090,9.7,43.0,225.58,ba đình,Quận
1091,3.3,45.0,73.33,hoàn kiếm,Quận
1092,3.45,26.0,132.69,đống đa,Quận
1093,4.1,50.0,82.0,ba đình,Quận
1094,2.65,38.0,69.74,hoàn kiếm,Quận
1095,2.45,36.0,68.06,thanh xuân,Quận
1096,6.6,50.0,132.0,hoàn kiếm,Quận
1097,16.0,70.0,228.57,đống đa,Quận
1098,4.8,53.0,90.57,đống đa,Quận
1099,3.7,45.0,82.22,hoàn kiếm,Quận
1100,1.7,42.0,40.48,long biên,Quận
1101,2.1,26.0,80.77,hoàn kiếm,Quận
1102,4.1,46.0,89.13,hoàn kiếm,Quận
1103,6.05,50.0,121.0,hoàn kiếm,Quận
1104,2.15,32.0,67.19,hoài đức,Huyện
1105,4.3,47.0,91.49,hoàn kiếm,Quận
1106,3.4,37.0,91.89,long biên,Quận
1107,3.7,47.0,78.72,hoàn kiếm,Quận
1108,2.2,32.0,68.75,hoàn kiếm,Quận
1109,2.0,30.0,66.67,ba đình,Quận
1110,5.95,55.0,108.18,long biên,Quận
1111,3.3,35.0,94.29,long biên,Quận
1112,5.35,50.0,107.0,ba đình,Quận
1113,12.5,38.0,328.95,hoàn kiếm,Quận
1114,2.9,30.0,96.67,đống đa,Quận
1115,6.6,71.0,92.96,đống đa,Quận
1116,2.0,40.0,50.0,long biên,Quận
1117,0.95,32.0,29.69,hà đông,Quận
1118,5.3,117.0,45.3,bắc từ liêm,Quận
1119,2.25,23.0,97.83,đống đa,Quận
1120,7.5,55.0,136.36,hoàn kiếm,Quận
1121,3.3,33.0,100.0,long biên,Quận
1122,4.1,42.0,97.62,nam từ liêm,Quận
1123,3.7,43.0,86.05,ba đình,Quận
1124,13.0,60.0,216.67,ba đình,Quận
1125,4.0,35.0,114.29,tây hồ,Quận
1126,2.6,44.0,59.09,long biên,Quận
1127,2.0,27.0,74.07,long biên,Quận
1128,2.45,32.0,76.56,hoàn kiếm,Quận
1129,4.0,46.0,86.96,ba đình,Quận
1130,5.3,78.0,67.95,hoàn kiếm,Quận
1131,2.3,28.0,82.14,đống đa,Quận
1132,3.05,36.0,84.72,hà đông,Quận
1133,7.5,45.0,166.67,ba đình,Quận
1134,4.9,45.0,108.89,long biên,Quận
1135,3.2,42.0,76.19,long biên,Quận
1136,6.5,45.0,144.44,thanh xuân,Quận
1137,2.5,50.0,50.0,hoàn kiếm,Quận
1138,3.25,40.0,81.25,long biên,Quận
1139,7.1,54.0,131.48,long biên,Quận
1140,3.4,33.0,103.03,hoàn kiếm,Quận
1141,17.5,199.0,87.94,hoàn kiếm,Quận
1142,7.8,35.0,222.86,ba đình,Quận
1143,35.0,155.0,225.81,tây hồ,Quận
1144,9.5,64.0,148.44,long biên,Quận
1145,9.5,60.0,158.33,đống đa,Quận
1146,3.65,40.0,91.25,long biên,Quận
1147,4.5,50.0,90.0,hà đông,Quận
1148,3.15,43.0,73.26,hoàn kiếm,Quận
1149,2.0,30.0,66.67,hoàn kiếm,Quận
1150,4.15,60.0,69.17,thanh xuân,Quận
1151,2.85,42.0,67.86,thanh xuân,Quận
1152,10.6,52.0,203.85,ba đình,Quận
1153,3.8,62.0,61.29,hoàn kiếm,Quận
1154,2.1,40.0,52.5,long biên,Quận
1155,2.8,47.8,58.58,long biên,Quận
1156,8.6,56.0,153.57,đống đa,Quận
1157,3.7,65.0,56.92,bắc từ liêm,Quận
1158,3.15,38.0,82.89,hoàn kiếm,Quận
1159,7.25,65.0,111.54,hoàn kiếm,Quận
1160,6.15,94.0,65.43,long biên,Quận
1161,4.2,32.0,131.25,hà đông,Quận
1162,4.65,47.0,98.94,hà đông,Quận
1163,3.75,41.0,91.46,tây hồ,Quận
1164,1.79,21.0,85.24,hoàn kiếm,Quận
1165,3.18,145.0,21.93,hoàn kiếm,Quận
1166,7.5,50.0,150.0,hoàn kiếm,Quận
1167,3.8,28.0,135.71,đống đa,Quận
1168,11.5,65.0,176.92,tây hồ,Quận
1169,5.0,68.0,73.53,thanh xuân,Quận
1170,3.7,37.0,100.0,đống đa,Quận
1171,2.17,30.8,70.45,long biên,Quận
1172,12.0,75.0,160.0,thanh xuân,Quận
1173,5.0,60.0,83.33,hoàn kiếm,Quận
1174,3.55,31.0,114.52,ba đình,Quận
1175,2.25,32.0,70.31,hoàn kiếm,Quận
1176,3.4,36.0,94.44,hoàn kiếm,Quận
1177,2.9,46.0,63.04,hoàn kiếm,Quận
1178,5.3,52.0,101.92,long biên,Quận
1179,2.1,40.0,52.5,hoàn kiếm,Quận
1180,6.4,60.0,106.67,long biên,Quận
1181,2.6,42.0,61.9,long biên,Quận
1182,4.0,42.0,95.24,long biên,Quận
1183,4.2,55.0,76.36,hà đông,Quận
1184,4.95,65.0,76.15,hoàn kiếm,Quận
1185,2.7,45.0,60.0,hoàn kiếm,Quận
1186,2.8,240.0,11.67,đống đa,Quận
1187,5.3,50.0,106.0,ba đình,Quận
1188,3.95,50.0,79.0,ba đình,Quận
1189,3.5,35.0,100.0,long biên,Quận
1190,3.85,47.0,81.91,thanh xuân,Quận
1191,2.75,30.0,91.67,ba đình,Quận
1192,4.0,46.0,86.96,hoàn kiếm,Quận
1193,2.7,51.0,52.94,long biên,Quận
1194,6.9,45.0,153.33,ba đình,Quận
1195,4.3,67.0,64.18,long biên,Quận
1196,3.4,38.0,89.47,long biên,Quận
1197,2.0,27.0,74.07,hoàn kiếm,Quận
1198,2.95,35.0,84.29,tây hồ,Quận
1199,2.55,35.0,72.86,long biên,Quận
1200,4.6,42.0,109.52,thanh xuân,Quận
1201,4.0,42.0,95.24,bắc từ liêm,Quận
1202,1.85,25.0,74.0,hoàn kiếm,Quận
1203,8.3,66.0,125.76,long biên,Quận
1204,2.6,155.0,16.77,hoàn kiếm,Quận
1205,3.7,50.0,74.0,nam từ liêm,Quận
1206,2.5,32.0,78.12,long biên,Quận
1207,2.97,30.0,99.0,tây hồ,Quận
1208,4.1,84.0,48.81,bắc từ liêm,Quận
1209,7.55,65.0,116.15,đống đa,Quận
1210,2.57,43.0,59.77,hoàn kiếm,Quận
1211,2.9,33.0,87.88,tây hồ,Quận
1212,4.5,44.0,102.27,long biên,Quận
1213,5.7,60.0,95.0,long biên,Quận
1214,6.9,85.0,81.18,long biên,Quận
1215,5.4,57.0,94.74,thanh xuân,Quận
1216,24.0,108.0,222.22,hoàn kiếm,Quận
1217,2.85,35.0,81.43,hoàn kiếm,Quận
1218,2.85,45.0,63.33,hoàng mai,Quận
1219,5.5,48.0,114.58,hoàn kiếm,Quận
1220,13.5,100.0,135.0,thanh xuân,Quận
1221,3.5,63.0,55.56,thanh xuân,Quận
1222,4.0,52.0,76.92,long biên,Quận
1223,3.5,35.0,100.0,hoàn kiếm,Quận
1224,3.1,35.0,88.57,ba đình,Quận
1225,3.45,35.0,98.57,hoàn kiếm,Quận
1226,4.5,40.0,112.5,hoàn kiếm,Quận
1227,8.5,62.0,137.1,ba đình,Quận
1228,5.0,52.0,96.15,hoàn kiếm,Quận
1229,2.8,30.0,93.33,hoàng mai,Quận
1230,5.2,50.0,104.0,tây hồ,Quận
1231,8.3,30.0,276.67,hoàn kiếm,Quận
1232,16.5,192.0,85.94,hoàn kiếm,Quận
1233,4.85,50.0,97.0,hoàn kiếm,Quận
1234,4.8,45.0,106.67,thanh xuân,Quận
1235,5.35,45.0,118.89,ba đình,Quận
1236,2.15,41.0,52.44,long biên,Quận
1237,2.45,31.0,79.03,hoàn kiếm,Quận
1238,9.5,46.0,206.52,hoàn kiếm,Quận
1239,12.9,60.0,215.0,hoàn kiếm,Quận
1240,6.1,42.0,145.24,ba đình,Quận
1241,2.8,35.0,80.0,hoàn kiếm,Quận
1242,5.3,50.0,106.0,ba đình,Quận
1243,2.5,35.0,71.43,nam từ liêm,Quận
1244,6.5,47.0,138.3,đống đa,Quận
1245,1.86,22.0,84.55,thanh xuân,Quận
1246,7.25,120.0,60.42,ba đình,Quận
1247,4.8,53.0,90.57,ba đình,Quận
1248,8.0,58.0,137.93,long biên,Quận
1249,5.5,48.0,114.58,thanh xuân,Quận
1250,4.05,48.0,84.37,hoàn kiếm,Quận
1251,4.85,55.0,88.18,hoàn kiếm,Quận
1252,3.95,42.0,94.05,long biên,Quận
1253,6.2,56.0,110.71,thanh xuân,Quận
1254,3.0,32.0,93.75,ba đình,Quận
1255,7.8,70.0,111.43,ba đình,Quận
1256,1.5,34.0,44.12,thanh trì,Huyện
1257,13.9,141.0,98.58,thanh xuân,Quận
1258,3.7,35.0,105.71,ba đình,Quận
1259,3.8,40.0,95.0,ba đình,Quận
1260,5.4,40.0,135.0,ba đình,Quận
1261,3.55,44.0,80.68,long biên,Quận
1262,7.2,58.0,124.14,đống đa,Quận
1263,4.0,45.0,88.89,đống đa,Quận
1264,2.55,50.0,51.0,hà đông,Quận
1265,7.6,50.0,152.0,đống đa,Quận
1266,2.6,60.0,43.33,hà đông,Quận
1267,2.2,40.0,55.0,hà đông,Quận
1268,3.1,75.0,41.33,thanh trì,Huyện
1269,6.2,55.0,112.73,thanh xuân,Quận
1270,1.3,80.0,16.25,hoàn kiếm,Quận
1271,2.2,30.0,73.33,tây hồ,Quận
1272,5.0,65.0,76.92,long biên,Quận
1273,5.59,55.0,101.64,long biên,Quận
1274,4.8,47.0,102.13,long biên,Quận
1275,4.69,50.0,93.8,long biên,Quận
1276,9.5,80.0,118.75,thanh xuân,Quận
1277,3.5,43.0,81.4,hoàn kiếm,Quận
1278,3.0,30.0,100.0,tây hồ,Quận
1279,2.0,34.0,58.82,long biên,Quận
1280,6.1,25.0,244.0,ba đình,Quận
1281,2.8,36.0,77.78,hoàn kiếm,Quận
1282,3.15,40.0,78.75,hoàn kiếm,Quận
1283,9.5,42.0,226.19,ba đình,Quận
1284,3.3,39.0,84.62,long biên,Quận
1285,2.6,50.0,52.0,long biên,Quận
1286,2.0,44.0,45.45,long biên,Quận
1287,5.3,35.0,151.43,đống đa,Quận
1288,2.25,33.0,68.18,long biên,Quận
1289,5.0,50.0,100.0,ba đình,Quận
1290,7.5,72.0,104.17,ba đình,Quận
1291,2.5,23.0,108.7,ba đình,Quận
1292,1.9,22.0,86.36,hoàn kiếm,Quận
1293,6.3,45.0,140.0,thanh xuân,Quận
1294,3.35,35.0,95.71,hà đông,Quận
1295,2.95,39.0,75.64,long biên,Quận
1296,4.95,36.0,137.5,ba đình,Quận
1297,10.5,68.0,154.41,thanh xuân,Quận
1298,2.55,30.0,85.0,ba đình,Quận
1299,10.8,61.0,177.05,ba đình,Quận
1300,7.8,60.0,130.0,đống đa,Quận
1301,2.88,40.0,72.0,long biên,Quận
1302,2.98,48.0,62.08,long biên,Quận
1303,2.55,34.0,75.0,long biên,Quận
1304,3.8,52.0,73.08,hoàn kiếm,Quận
1305,4.0,40.0,100.0,thanh xuân,Quận
1306,8.85,47.0,188.3,ba đình,Quận
1307,5.6,35.0,160.0,ba đình,Quận
1308,15.0,68.0,220.59,đống đa,Quận
1309,2.98,35.0,85.14,hoàn kiếm,Quận
1310,3.15,44.0,71.59,tây hồ,Quận
1311,2.85,30.0,95.0,đống đa,Quận
1312,2.85,27.0,105.56,ba đình,Quận
1313,3.3,42.0,78.57,long biên,Quận
1314,3.1,30.0,103.33,đống đa,Quận
1315,4.6,36.0,127.78,hoàn kiếm,Quận
1316,8.4,105.0,80.0,tây hồ,Quận
1317,4.5,56.3,79.93,tây hồ,Quận
1318,4.5,40.0,112.5,đống đa,Quận
1319,2.35,30.8,76.3,long biên,Quận
1320,2.18,30.1,72.43,long biên,Quận
1321,2.25,32.0,70.31,long biên,Quận
1322,2.2,31.0,70.97,tây hồ,Quận
1323,2.55,32.0,79.69,long biên,Quận
1324,5.15,50.0,103.0,hoàn kiếm,Quận
1325,3.9,35.0,111.43,ba đình,Quận
1326,3.8,52.0,73.08,ba đình,Quận
1327,2.2,35.0,62.86,hoàn kiếm,Quận
1328,4.85,61.0,79.51,ba đình,Quận
1329,5.3,40.0,132.5,thanh xuân,Quận
1330,3.55,40.0,88.75,thanh xuân,Quận
1331,13.2,100.0,132.0,thanh xuân,Quận
1332,2.78,33.0,84.24,hoàn kiếm,Quận
1333,7.13,50.0,142.6,hoàn kiếm,Quận
1334,3.3,46.0,71.74,long biên,Quận
1335,7.3,65.0,112.31,hoàn kiếm,Quận
1336,2.35,35.0,67.14,hoàn kiếm,Quận
1337,10.35,85.0,121.76,tây hồ,Quận
1338,2.0,35.0,57.14,thanh xuân,Quận
1339,2.33,25.0,93.2,đống đa,Quận
1340,2.18,32.0,68.12,long biên,Quận
1341,2.7,34.0,79.41,thanh xuân,Quận
1342,3.65,40.0,91.25,thanh xuân,Quận
1343,1.3,20.0,65.0,hoàn kiếm,Quận
1344,8.0,64.0,125.0,long biên,Quận
1345,3.35,58.0,57.76,long biên,Quận
1346,3.3,33.0,100.0,hoàn kiếm,Quận
1347,13.0,80.0,162.5,ba đình,Quận
1348,6.2,55.0,112.73,long biên,Quận
1349,6.95,55.0,126.36,thanh xuân,Quận
1350,2.8,35.0,80.0,ba đình,Quận
1351,9.8,60.0,163.33,ba đình,Quận
1352,5.2,45.0,115.56,ba đình,Quận
1353,16.0,100.0,160.0,đống đa,Quận
1354,6.0,35.0,171.43,thanh xuân,Quận
1355,8.5,40.0,212.5,ba đình,Quận
1356,3.8,46.0,82.61,long biên,Quận
1357,2.3,32.0,71.88,long biên,Quận
1358,4.45,52.0,85.58,đống đa,Quận
1359,3.85,30.0,128.33,thanh xuân,Quận
1360,7.4,7.4,1000.0,đống đa,Quận
1361,11.8,50.0,236.0,ba đình,Quận
1362,5.9,60.0,98.33,long biên,Quận
1363,4.6,50.0,92.0,ba đình,Quận
1364,2.35,30.0,78.33,long biên,Quận
1365,2.2,36.0,61.11,hoài đức,Huyện
1366,6.5,55.0,118.18,long biên,Quận
1367,4.7,40.0,117.5,đống đa,Quận
1368,10.3,45.0,228.89,ba đình,Quận
1369,3.8,40.0,95.0,đống đa,Quận
1370,4.2,64.0,65.62,hoàn kiếm,Quận
1371,3.0,32.0,93.75,thanh xuân,Quận
1372,2.25,33.5,67.16,long biên,Quận
1373,6.5,59.0,110.17,long biên,Quận
1374,6.3,35.0,180.0,thanh xuân,Quận
1375,2.75,33.0,83.33,hoàn kiếm,Quận
1376,4.2,38.0,110.53,đống đa,Quận
1377,59.0,158.0,373.42,đống đa,Quận
1378,4.5,47.0,95.74,tây hồ,Quận
1379,4.0,33.0,121.21,hoàn kiếm,Quận
1380,2.3,33.0,69.7,long biên,Quận
1381,2.5,50.0,50.0,thanh xuân,Quận
1382,2.6,32.0,81.25,thanh xuân,Quận
1383,5.8,65.0,89.23,đống đa,Quận
1384,8.4,40.0,210.0,tây hồ,Quận
1385,13.5,40.0,337.5,ba đình,Quận
1386,5.2,54.0,96.3,ba đình,Quận
1387,2.6,35.0,74.29,hoàng mai,Quận
1388,5.0,44.0,113.64,đống đa,Quận
1389,3.0,32.0,93.75,thanh xuân,Quận
1390,3.05,42.0,72.62,hoàn kiếm,Quận
1391,8.3,65.0,127.69,long biên,Quận
1392,4.7,33.0,142.42,hoàn kiếm,Quận
1393,14.7,54.0,272.22,hoàn kiếm,Quận
1394,7.3,61.0,119.67,đống đa,Quận
1395,2.03,34.0,59.71,hà đông,Quận
1396,2.85,38.0,75.0,hoàn kiếm,Quận
1397,6.19,42.0,147.38,thanh xuân,Quận
1398,3.0,35.0,85.71,hoàn kiếm,Quận
1399,2.15,31.0,69.35,long biên,Quận
1400,2.85,35.0,81.43,thanh trì,Huyện
1401,7.6,58.0,131.03,ba đình,Quận
1402,1.68,30.0,56.0,hoàn kiếm,Quận
1403,5.0,45.0,111.11,nam từ liêm,Quận
1404,3.5,36.0,97.22,ba đình,Quận
1405,2.4,30.0,80.0,tây hồ,Quận
1406,8.75,52.0,168.27,đống đa,Quận
1407,10.8,47.0,229.79,ba đình,Quận
1408,14.2,58.0,244.83,ba đình,Quận
1409,9.2,47.0,195.74,ba đình,Quận
1410,9.7,80.0,121.25,ba đình,Quận
1411,13.8,66.0,209.09,ba đình,Quận
1412,10.6,45.0,235.56,bắc từ liêm,Quận
1413,4.35,40.0,108.75,đống đa,Quận
1414,5.6,40.0,140.0,thanh xuân,Quận
1415,3.85,38.0,101.32,đống đa,Quận
1416,2.85,30.0,95.0,ba đình,Quận
1417,3.05,35.0,87.14,long biên,Quận
1418,2.7,28.0,96.43,ba đình,Quận
1419,12.5,54.0,231.48,ba đình,Quận
1420,2.8,36.0,77.78,thanh xuân,Quận
1421,12.5,140.0,89.29,hoàng mai,Quận
1422,5.5,50.0,110.0,đống đa,Quận
1423,8.7,65.0,133.85,hoàn kiếm,Quận
1424,3.28,30.0,109.33,thanh xuân,Quận
1425,3.89,45.0,86.44,long biên,Quận
1426,2.35,22.0,106.82,đống đa,Quận
1427,18.0,200.0,90.0,hoàn kiếm,Quận
1428,4.4,42.0,104.76,thanh xuân,Quận
1429,3.2,30.0,106.67,hoàn kiếm,Quận
1430,2.85,30.0,95.0,thanh xuân,Quận
1431,11.8,60.0,196.67,ba đình,Quận
1432,14.2,86.0,165.12,ba đình,Quận
1433,6.7,58.0,115.52,đống đa,Quận
1434,5.7,35.0,162.86,đống đa,Quận
1435,4.5,32.0,140.62,thanh xuân,Quận
1436,3.19,130.0,24.54,hoàn kiếm,Quận
1437,2.98,30.0,99.33,thanh xuân,Quận
1438,1.62,35.0,46.29,hà đông,Quận
1439,2.0,30.0,66.67,bắc từ liêm,Quận
1440,5.6,40.0,140.0,ba đình,Quận
1441,10.5,55.0,190.91,thanh xuân,Quận
1442,2.85,40.0,71.25,hoàn kiếm,Quận
1443,9.7,100.0,97.0,ba đình,Quận
1444,2.76,30.0,92.0,thanh xuân,Quận
1445,2.95,31.0,95.16,hà đông,Quận
1446,2.2,35.0,62.86,long biên,Quận
1447,6.35,65.0,97.69,bắc từ liêm,Quận
1448,2.54,78.0,32.56,thanh trì,Huyện
1449,3.4,47.0,72.34,đống đa,Quận
1450,7.5,48.0,156.25,ba đình,Quận
1451,3.75,71.0,52.82,hà đông,Quận
1452,2.1,35.0,60.0,bắc từ liêm,Quận
1453,5.7,35.0,162.86,đống đa,Quận
1454,3.7,35.0,105.71,hoàn kiếm,Quận
1455,2.56,32.0,80.0,hà đông,Quận
1456,3.6,40.0,90.0,nam từ liêm,Quận
1457,3.0,37.0,81.08,thanh xuân,Quận
1458,2.29,32.0,71.56,long biên,Quận
1459,2.25,35.0,64.29,hà đông,Quận
1460,3.7,40.0,92.5,nam từ liêm,Quận
1461,2.25,38.0,59.21,hà đông,Quận
1462,2.3,30.0,76.67,thanh xuân,Quận
1463,4.0,50.0,80.0,thanh xuân,Quận
1464,4.5,26.0,173.08,đống đa,Quận
1465,1.99,30.0,66.33,long biên,Quận
1466,3.6,35.0,102.86,bắc từ liêm,Quận
1467,3.5,45.0,77.78,đống đa,Quận
1468,6.6,48.0,137.5,thanh xuân,Quận
1469,5.2,33.0,157.58,ba đình,Quận
1470,4.0,40.0,100.0,thanh xuân,Quận
1471,15.0,53.0,283.02,đống đa,Quận
1472,1.3,33.0,39.39,hà đông,Quận
1473,3.45,32.0,107.81,thanh xuân,Quận
1474,2.5,35.0,71.43,hà đông,Quận
1475,2.3,42.0,54.76,hoàn kiếm,Quận
1476,2.9,36.0,80.56,hà đông,Quận
1477,4.3,42.0,102.38,ba đình,Quận
1478,3.5,50.0,70.0,long biên,Quận
1479,12.4,56.0,221.43,tây hồ,Quận
1480,2.5,45.0,55.56,hoàn kiếm,Quận
1481,15.7,47.0,334.04,ba đình,Quận
1482,4.8,45.0,106.67,ba đình,Quận
1483,3.0,30.0,100.0,ba đình,Quận
1484,4.4,40.0,110.0,đống đa,Quận
1485,2.0,42.0,47.62,hoàn kiếm,Quận
1486,5.2,40.0,130.0,ba đình,Quận
1487,2.9,35.0,82.86,ba đình,Quận
1488,5.3,59.0,89.83,hoàn kiếm,Quận
1489,3.65,41.0,89.02,đống đa,Quận
1490,4.4,100.0,44.0,long biên,Quận
1491,14.5,45.0,322.22,ba đình,Quận
1492,2.95,45.0,65.56,hoàn kiếm,Quận
1493,8.5,80.0,106.25,hà đông,Quận
1494,5.0,47.0,106.38,hoàn kiếm,Quận
1495,0.955,32.0,29.84,hà đông,Quận
1496,6.4,40.0,160.0,hoàn kiếm,Quận
1497,5.4,39.0,138.46,hoàn kiếm,Quận
1498,2.8,33.0,84.85,long biên,Quận
1499,2.85,33.0,86.36,hoàn kiếm,Quận
1500,4.05,45.0,90.0,đống đa,Quận
1501,5.9,45.0,131.11,đống đa,Quận
1502,13.7,66.0,207.58,ba đình,Quận
1503,2.2,30.0,73.33,hà đông,Quận
1504,4.5,61.0,73.77,long biên,Quận
1505,3.0,28.0,107.14,hoàn kiếm,Quận
1506,1.49,31.0,48.06,thanh oai,Huyện
1507,6.0,65.0,92.31,đống đa,Quận
1508,3.05,35.0,87.14,hoàn kiếm,Quận
1509,4.4,36.0,122.22,hoàn kiếm,Quận
1510,6.8,70.0,97.14,thanh xuân,Quận
1511,21.0,71.0,295.77,thanh xuân,Quận
1512,3.28,33.0,99.39,thanh xuân,Quận
1513,2.55,30.0,85.0,hoàn kiếm,Quận
1514,2.5,30.0,83.33,đống đa,Quận
1515,16.2,65.0,249.23,ba đình,Quận
1516,2.85,35.0,81.43,ba đình,Quận
1517,6.4,45.0,142.22,nam từ liêm,Quận
1518,3.9,48.0,81.25,hoàn kiếm,Quận
1519,3.3,50.0,66.0,hoàn kiếm,Quận
1520,5.8,40.0,145.0,hoàn kiếm,Quận
1521,5.85,34.0,172.06,thanh xuân,Quận
1522,16.8,180.0,93.33,tây hồ,Quận
1523,11.5,72.0,159.72,ba đình,Quận
1524,4.6,35.0,131.43,đống đa,Quận
1525,6.5,50.0,130.0,hà đông,Quận
1526,3.5,35.0,100.0,ba đình,Quận
1527,7.7,50.0,154.0,hà đông,Quận
1528,2.1,30.0,70.0,thanh trì,Huyện
1529,3.2,45.0,71.11,hoàn kiếm,Quận
1530,4.7,47.0,100.0,đống đa,Quận
1531,2.5,31.0,80.65,long biên,Quận
1532,5.5,41.0,134.15,ba đình,Quận
1533,3.1,40.0,77.5,long biên,Quận
1534,6.0,50.0,120.0,ba đình,Quận
1535,2.4,46.0,52.17,tây hồ,Quận
1536,12.0,80.0,150.0,tây hồ,Quận
1537,12.2,140.0,87.14,ba đình,Quận
1538,2.3,37.0,62.16,hoàn kiếm,Quận
1539,25.0,150.0,166.67,thanh xuân,Quận
1540,3.0,35.0,85.71,hoàn kiếm,Quận
1541,6.3,40.0,157.5,hoàn kiếm,Quận
1542,2.4,39.0,61.54,hoàn kiếm,Quận
1543,4.6,45.0,102.22,ba đình,Quận
1544,9.5,43.0,220.93,đống đa,Quận
1545,1.55,30.0,51.67,long biên,Quận
1546,2.8,39.0,71.79,long biên,Quận
1547,2.5,32.0,78.12,hoàn kiếm,Quận
1548,2.5,40.0,62.5,hà đông,Quận
1549,3.2,36.0,88.89,hoàn kiếm,Quận
1550,0.57,12.0,47.5,tây hồ,Quận
1551,2.41,74.0,32.57,thanh trì,Huyện
1552,8.8,59.0,149.15,đống đa,Quận
1553,4.7,75.0,62.67,long biên,Quận
1554,6.3,60.0,105.0,ba đình,Quận
1555,4.0,40.0,100.0,ba đình,Quận
1556,2.9,35.0,82.86,thanh xuân,Quận
1557,1.45,44.0,32.95,hà đông,Quận
1558,3.85,50.0,77.0,ba đình,Quận
1559,5.3,98.0,54.08,hoàn kiếm,Quận
1560,12.0,80.0,150.0,hoàn kiếm,Quận
1561,2.0,33.0,60.61,hoàn kiếm,Quận
1562,4.0,40.0,100.0,hoàn kiếm,Quận
1563,2.35,35.0,67.14,thanh xuân,Quận
1564,9.5,58.0,163.79,đống đa,Quận
1565,11.0,70.0,157.14,đống đa,Quận
1566,9.8,45.0,217.78,đống đa,Quận
1567,1.69,97.0,17.42,thường tín,Huyện
1568,2.55,30.0,85.0,long biên,Quận
1569,6.5,45.0,144.44,đống đa,Quận
1570,2.75,30.0,91.67,thanh xuân,Quận
1571,11.8,70.0,168.57,đống đa,Quận
1572,2.9,33.0,87.88,long biên,Quận
1573,4.3,45.0,95.56,ba đình,Quận
1574,5.0,50.0,100.0,hoàn kiếm,Quận
1575,10.6,52.0,203.85,đống đa,Quận
1576,17.5,80.0,218.75,thanh xuân,Quận
1577,5.2,42.0,123.81,đống đa,Quận
1578,5.3,45.0,117.78,thanh xuân,Quận
1579,14.6,80.0,182.5,ba đình,Quận
1580,4.95,61.0,81.15,thanh xuân,Quận
1581,6.7,52.0,128.85,hoàn kiếm,Quận
1582,3.65,42.0,86.9,long biên,Quận
1583,9.4,56.0,167.86,thanh xuân,Quận
1584,5.4,38.0,142.11,hoàn kiếm,Quận
1585,3.05,33.0,92.42,nam từ liêm,Quận
1586,2.99,30.0,99.67,thanh xuân,Quận
1587,6.8,72.0,94.44,thanh xuân,Quận
1588,4.5,50.0,90.0,tây hồ,Quận
1589,3.65,35.0,104.29,thanh xuân,Quận
1590,9.0,58.0,155.17,ba đình,Quận
1591,12.3,123.0,100.0,thanh xuân,Quận
1592,2.7,32.0,84.38,hoàn kiếm,Quận
1593,6.5,325.0,20.0,hà đông,Quận
1594,4.1,35.0,117.14,ba đình,Quận
1595,2.85,38.0,75.0,hoàng mai,Quận
1596,4.9,40.0,122.5,thanh xuân,Quận
1597,2.95,40.0,73.75,thanh xuân,Quận
1598,4.4,80.0,55.0,bắc từ liêm,Quận
1599,6.0,56.0,107.14,hoàn kiếm,Quận
1600,1.15,47.0,24.47,thanh trì,Huyện
1601,5.2,40.0,130.0,đống đa,Quận
1602,5.12,49.0,104.49,long biên,Quận
1603,4.65,36.0,129.17,thanh xuân,Quận
1604,5.6,46.0,121.74,thanh xuân,Quận
1605,3.2,35.0,91.43,thanh xuân,Quận
1606,3.35,36.0,93.06,thanh xuân,Quận
1607,6.0,58.0,103.45,thanh xuân,Quận
1608,3.28,35.0,93.71,thanh xuân,Quận
1609,4.75,46.0,103.26,thanh xuân,Quận
1610,4.65,46.0,101.09,thanh xuân,Quận
1611,5.2,40.0,130.0,đống đa,Quận
1612,4.85,81.0,59.88,đống đa,Quận
1613,1.25,35.3,35.41,hoài đức,Huyện
1614,3.0,33.0,90.91,đống đa,Quận
1615,29.0,80.0,362.5,đống đa,Quận
1616,6.0,55.0,109.09,ba đình,Quận
1617,1.55,37.0,41.89,thanh oai,Huyện
1618,6.35,45.0,141.11,ba đình,Quận
1619,6.4,66.0,96.97,long biên,Quận
1620,8.5,35.0,242.86,đống đa,Quận
1621,3.65,35.0,104.29,ba đình,Quận
1622,4.3,48.0,89.58,ba đình,Quận
1623,3.8,46.0,82.61,ba đình,Quận
1624,3.4,45.0,75.56,hoàn kiếm,Quận
1625,8.6,40.0,215.0,ba đình,Quận
1626,6.6,60.0,110.0,đống đa,Quận
1627,2.85,37.0,77.03,nam từ liêm,Quận
1628,8.6,55.0,156.36,đống đa,Quận
1629,3.25,38.0,85.53,long biên,Quận
1630,23.0,70.0,328.57,tây hồ,Quận
1631,8.5,70.0,121.43,hoàn kiếm,Quận
1632,11.0,55.0,200.0,ba đình,Quận
1633,1.7,30.0,56.67,nam từ liêm,Quận
1634,1.05,33.0,31.82,hoài đức,Huyện
1635,7.5,74.0,101.35,long biên,Quận
1636,3.05,36.0,84.72,hoàn kiếm,Quận
1637,5.2,47.0,110.64,thanh xuân,Quận
1638,4.5,41.0,109.76,hà đông,Quận
1639,5.1,60.0,85.0,long biên,Quận
1640,6.6,82.0,80.49,hoàn kiếm,Quận
1641,10.5,58.0,181.03,ba đình,Quận
1642,3.9,37.0,105.41,nam từ liêm,Quận
1643,5.25,50.0,105.0,ba đình,Quận
1644,2.85,36.0,79.17,nam từ liêm,Quận
1645,3.7,40.0,92.5,đống đa,Quận
1646,2.0,25.0,80.0,hoàn kiếm,Quận
1647,3.5,35.0,100.0,hoàn kiếm,Quận
1648,6.9,57.0,121.05,thanh xuân,Quận
1649,12.9,50.0,258.0,ba đình,Quận
1650,2.4,34.0,70.59,hà đông,Quận
1651,4.7,51.0,92.16,ba đình,Quận
1652,2.35,35.0,67.14,nam từ liêm,Quận
1653,2.65,36.0,73.61,hoàn kiếm,Quận
1654,3.55,53.0,66.98,hoàn kiếm,Quận
1655,3.1,40.0,77.5,hoàn kiếm,Quận
1656,5.2,60.0,86.67,hoàn kiếm,Quận
1657,3.9,45.0,86.67,đống đa,Quận
1658,12.9,72.0,179.17,đống đa,Quận
1659,3.6,40.0,90.0,long biên,Quận
1660,55.5,224.0,247.77,tây hồ,Quận
1661,4.8,50.0,96.0,ba đình,Quận
1662,5.0,52.0,96.15,đống đa,Quận
1663,3.4,40.0,85.0,hoàn kiếm,Quận
1664,6.3,45.0,140.0,tây hồ,Quận
1665,3.65,52.6,69.39,hoàn kiếm,Quận
1666,3.0,45.0,66.67,hà đông,Quận
1667,2.5,32.0,78.12,tây hồ,Quận
1668,6.2,50.0,124.0,long biên,Quận
1669,3.8,34.0,111.76,tây hồ,Quận
1670,4.3,50.0,86.0,ba đình,Quận
1671,4.6,38.0,121.05,thanh xuân,Quận
1672,3.9,35.0,111.43,long biên,Quận
1673,10.0,60.0,166.67,đống đa,Quận
1674,5.4,50.0,108.0,ba đình,Quận
1675,16.5,108.0,152.78,ba đình,Quận
1676,5.5,63.0,87.3,hoàn kiếm,Quận
1677,4.0,42.0,95.24,hoàn kiếm,Quận
1678,3.2,33.0,96.97,đống đa,Quận
1679,2.58,26.0,99.23,ba đình,Quận
1680,6.2,65.0,95.38,ba đình,Quận
1681,3.6,55.0,65.45,ba đình,Quận
1682,3.3,36.0,91.67,đống đa,Quận
1683,4.59,50.0,91.8,đống đa,Quận
1684,3.6,40.0,90.0,bắc từ liêm,Quận
1685,2.35,32.0,73.44,hà đông,Quận
1686,2.55,40.0,63.75,bắc từ liêm,Quận
1687,13.5,55.0,245.45,ba đình,Quận
1688,6.2,66.0,93.94,đống đa,Quận
1689,2.2,45.0,48.89,long biên,Quận
1690,5.4,55.0,98.18,ba đình,Quận
1691,4.35,40.0,108.75,ba đình,Quận
1692,4.8,41.0,117.07,đống đa,Quận
1693,2.2,50.0,44.0,long biên,Quận
1694,4.2,46.0,91.3,ba đình,Quận
1695,4.95,47.0,105.32,đống đa,Quận
1696,6.1,45.0,135.56,nam từ liêm,Quận
1697,2.9,34.0,85.29,thanh xuân,Quận
1698,1.37,60.0,22.83,thanh xuân,Quận
1699,4.5,45.0,100.0,hà đông,Quận
1700,4.85,42.0,115.48,đống đa,Quận
1701,3.1,35.0,88.57,ba đình,Quận
1702,2.95,35.0,84.29,ba đình,Quận
1703,6.2,40.0,155.0,nam từ liêm,Quận
1704,10.9,85.0,128.24,ba đình,Quận
1705,4.2,56.0,75.0,đống đa,Quận
1706,4.6,54.0,85.19,long biên,Quận
1707,2.9,32.0,90.62,hà đông,Quận
1708,4.0,60.0,66.67,ba đình,Quận
1709,2.25,39.0,57.69,long biên,Quận
1710,4.9,35.0,140.0,hoàn kiếm,Quận
1711,2.65,30.0,88.33,tây hồ,Quận
1712,5.35,60.0,89.17,ba đình,Quận
1713,6.2,40.0,155.0,thanh xuân,Quận
1714,7.6,56.0,135.71,hoàn kiếm,Quận
1715,10.4,60.0,173.33,ba đình,Quận
1716,3.0,36.0,83.33,thanh xuân,Quận
1717,3.0,40.0,75.0,long biên,Quận
1718,5.8,56.0,103.57,đống đa,Quận
1719,4.6,40.0,115.0,bắc từ liêm,Quận
1720,3.8,48.0,79.17,thanh xuân,Quận
1721,7.5,91.0,82.42,bắc từ liêm,Quận
1722,4.5,50.0,90.0,long biên,Quận
1723,1.17,35.0,33.43,hà đông,Quận
1724,3.1,39.0,79.49,đống đa,Quận
1725,3.7,45.0,82.22,đống đa,Quận
1726,4.15,52.0,79.81,bắc từ liêm,Quận
1727,3.2,45.0,71.11,đống đa,Quận
1728,5.0,58.0,86.21,ba đình,Quận
1729,2.93,26.0,112.69,đống đa,Quận
1730,3.15,34.0,92.65,ba đình,Quận
1731,3.0,30.0,100.0,ba đình,Quận
1732,5.65,96.0,58.85,hoàn kiếm,Quận
1733,2.5,112.0,22.32,thanh trì,Huyện
1734,2.83,35.0,80.86,hoàn kiếm,Quận
1735,3.0,30.0,100.0,hoàn kiếm,Quận
1736,3.0,40.0,75.0,ba đình,Quận
1737,14.5,136.0,106.62,hà đông,Quận
1738,7.0,53.0,132.08,thanh xuân,Quận
1739,8.2,45.0,182.22,ba đình,Quận
1740,2.75,36.0,76.39,long biên,Quận
1741,2.2,30.7,71.66,hoài đức,Huyện
1742,11.3,52.0,217.31,ba đình,Quận
1743,3.7,50.0,74.0,hoàn kiếm,Quận
1744,3.75,35.0,107.14,ba đình,Quận
1745,3.8,42.0,90.48,bắc từ liêm,Quận
1746,2.02,33.0,61.21,hà đông,Quận
1747,4.0,31.0,129.03,tây hồ,Quận
1748,9.0,70.0,128.57,đống đa,Quận
1749,1.99,90.0,22.11,đống đa,Quận
1750,3.45,45.0,76.67,long biên,Quận
1751,2.8,25.0,112.0,đống đa,Quận
1752,1.05,30.0,35.0,hà đông,Quận
1753,1.07,31.5,33.97,hoài đức,Huyện
1754,6.3,44.0,143.18,thanh xuân,Quận
1755,1.04,38.0,27.37,hà đông,Quận
1756,23.0,80.0,287.5,ba đình,Quận
1757,3.3,54.0,61.11,hoàn kiếm,Quận
1758,3.6,35.0,102.86,long biên,Quận
1759,2.55,35.0,72.86,bắc từ liêm,Quận
1760,2.45,31.0,79.03,long biên,Quận
1761,16.5,70.0,235.71,hoàn kiếm,Quận
1762,5.0,37.0,135.14,thanh xuân,Quận
1763,4.0,30.0,133.33,nam từ liêm,Quận
1764,3.0,36.0,83.33,đống đa,Quận
1765,7.5,48.0,156.25,đống đa,Quận
1766,8.4,54.0,155.56,hoàn kiếm,Quận
1767,8.5,50.0,170.0,thanh xuân,Quận
1768,47.0,150.0,313.33,ba đình,Quận
1769,10.6,90.0,117.78,đống đa,Quận
1770,2.95,28.0,105.36,đống đa,Quận
1771,5.5,97.0,56.7,nam từ liêm,Quận
1772,2.6,36.0,72.22,thanh xuân,Quận
1773,2.4,34.0,70.59,long biên,Quận
1774,3.3,35.0,94.29,ba đình,Quận
1775,3.0,35.0,85.71,hà đông,Quận
1776,4.3,35.0,122.86,hà đông,Quận
1777,10.2,48.0,212.5,ba đình,Quận
1778,1.95,35.0,55.71,long biên,Quận
1779,9.0,45.0,200.0,đống đa,Quận
1780,2.8,55.0,50.91,hoàn kiếm,Quận
1781,7.8,55.0,141.82,ba đình,Quận
1782,3.95,45.0,87.78,thanh xuân,Quận
1783,6.2,55.0,112.73,đống đa,Quận
1784,2.6,35.0,74.29,hoàn kiếm,Quận
1785,3.75,65.0,57.69,thanh xuân,Quận
1786,6.4,30.0,213.33,đống đa,Quận
1787,3.7,35.0,105.71,tây hồ,Quận
1788,3.9,45.0,86.67,long biên,Quận
1789,3.0,38.0,78.95,hoài đức,Huyện
1790,4.4,52.0,84.62,thanh xuân,Quận
1791,4.6,57.0,80.7,long biên,Quận
1792,7.5,64.0,117.19,tây hồ,Quận
1793,5.1,30.0,170.0,hoàn kiếm,Quận
1794,2.65,33.0,80.3,bắc từ liêm,Quận
1795,2.9,30.5,95.08,bắc từ liêm,Quận
1796,2.7,30.0,90.0,bắc từ liêm,Quận
1797,4.65,85.0,54.71,bắc từ liêm,Quận
1798,4.1,46.0,89.13,hoàn kiếm,Quận
1799,5.4,75.0,72.0,ba đình,Quận
1800,7.0,90.0,77.78,thanh xuân,Quận
1801,39.0,400.0,97.5,ba đình,Quận
1802,4.0,85.0,47.06,đống đa,Quận
1803,5.9,50.0,118.0,đống đa,Quận
1804,7.98,75.0,106.4,thanh xuân,Quận
1805,6.0,56.0,107.14,hoàn kiếm,Quận
1806,9.3,70.0,132.86,nam từ liêm,Quận
1807,2.35,37.0,63.51,ba đình,Quận
1808,3.3,52.0,63.46,thanh xuân,Quận
1809,3.09,20.0,154.5,hoàn kiếm,Quận
1810,11.5,75.0,153.33,tây hồ,Quận
1811,2.45,25.0,98.0,đống đa,Quận
1812,5.7,76.0,75.0,thanh xuân,Quận
1813,3.9,38.0,102.63,bắc từ liêm,Quận
1814,7.5,124.0,60.48,long biên,Quận
1815,9.8,50.0,196.0,tây hồ,Quận
1816,3.3,50.0,66.0,tây hồ,Quận
1817,4.7,50.0,94.0,nam từ liêm,Quận
1818,4.6,50.0,92.0,nam từ liêm,Quận
1819,4.3,45.0,95.56,bắc từ liêm,Quận
1820,3.65,40.0,91.25,đống đa,Quận
1821,3.6,38.0,94.74,ba đình,Quận
1822,3.1,37.0,83.78,long biên,Quận
1823,4.0,30.0,133.33,bắc từ liêm,Quận
1824,4.1,37.0,110.81,long biên,Quận
1825,3.95,35.0,112.86,bắc từ liêm,Quận
1826,8.5,45.0,188.89,ba đình,Quận
1827,6.1,35.0,174.29,nam từ liêm,Quận
1828,9.0,60.0,150.0,nam từ liêm,Quận
1829,5.9,45.0,131.11,nam từ liêm,Quận
1830,27.0,118.0,228.81,đống đa,Quận
1831,1.35,15.0,90.0,đống đa,Quận
1832,6.5,50.0,130.0,ba đình,Quận
1833,1.29,33.0,39.09,hoài đức,Huyện
1834,4.65,40.0,116.25,ba đình,Quận
1835,39.0,115.0,339.13,tây hồ,Quận
1836,4.25,39.0,108.97,đống đa,Quận
1837,5.2,59.0,88.14,đống đa,Quận
1838,8.3,59.0,140.68,tây hồ,Quận
1839,5.5,60.0,91.67,ba đình,Quận
1840,5.1,40.0,127.5,ba đình,Quận
1841,6.1,45.0,135.56,ba đình,Quận
1842,3.75,30.0,125.0,ba đình,Quận
1843,9.0,56.0,160.71,thanh xuân,Quận
1844,14.5,85.0,170.59,hà đông,Quận
1845,5.5,100.0,55.0,thanh xuân,Quận
1846,6.8,54.0,125.93,nam từ liêm,Quận
1847,3.13,36.0,86.94,hà đông,Quận
1848,1.78,37.0,48.11,hà đông,Quận
1849,0.95,33.0,28.79,hà đông,Quận
1850,8.5,46.0,184.78,ba đình,Quận
1851,5.4,55.0,98.18,đống đa,Quận
1852,3.2,55.0,58.18,hoàn kiếm,Quận
1853,8.8,52.0,169.23,đống đa,Quận
1854,4.3,45.0,95.56,nam từ liêm,Quận
1855,7.7,60.0,128.33,nam từ liêm,Quận
1856,15.84,55.0,288.0,đống đa,Quận
1857,12.3,75.0,164.0,đống đa,Quận
1858,3.3,34.0,97.06,long biên,Quận
1859,9.7,51.0,190.2,ba đình,Quận
1860,4.0,50.0,80.0,đống đa,Quận
1861,7.2,54.0,133.33,thanh xuân,Quận
1862,7.5,87.0,86.21,hoàn kiếm,Quận
1863,15.8,130.0,121.54,ba đình,Quận
1864,5.8,55.0,105.45,nam từ liêm,Quận
1865,6.9,60.0,115.0,hà đông,Quận
1866,8.5,41.0,207.32,hoàn kiếm,Quận
1867,8.0,83.0,96.39,nam từ liêm,Quận
1868,5.7,56.0,101.79,ba đình,Quận
1869,12.9,64.0,201.56,đống đa,Quận
1870,2.75,30.0,91.67,hà đông,Quận
1871,2.1,31.0,67.74,hoàn kiếm,Quận
1872,3.8,33.0,115.15,tây hồ,Quận
1873,3.39,40.0,84.75,hoàn kiếm,Quận
1874,11.0,85.0,129.41,ba đình,Quận
1875,52.5,44.0,1193.18,hoàn kiếm,Quận
1876,10.3,45.0,228.89,đống đa,Quận
1877,8.7,59.0,147.46,thanh xuân,Quận
1878,2.9,39.0,74.36,nam từ liêm,Quận
1879,2.2,22.0,100.0,đống đa,Quận
1880,7.5,43.0,174.42,long biên,Quận
1881,9.0,75.0,120.0,hoàn kiếm,Quận
1882,1.78,34.0,52.35,thanh trì,Huyện
1883,4.7,46.0,102.17,hoàn kiếm,Quận
1884,4.65,45.0,103.33,thanh xuân,Quận
1885,1.9,36.0,52.78,bắc từ liêm,Quận
1886,11.7,51.0,229.41,đống đa,Quận
1887,2.2,36.0,61.11,hà đông,Quận
1888,4.35,60.0,72.5,thanh xuân,Quận
1889,2.35,25.0,94.0,hoàn kiếm,Quận
1890,2.5,33.0,75.76,long biên,Quận
1891,4.1,33.0,124.24,ba đình,Quận
1892,5.5,45.0,122.22,hoàn kiếm,Quận
1893,2.9,25.0,116.0,đống đa,Quận
1894,5.75,42.0,136.9,ba đình,Quận
1895,4.15,45.0,92.22,thanh xuân,Quận
1896,5.25,50.0,105.0,hoàn kiếm,Quận
1897,2.5,50.0,50.0,tây hồ,Quận
1898,12.9,75.0,172.0,đống đa,Quận
1899,2.15,39.0,55.13,long biên,Quận
1900,7.8,68.0,114.71,hoàn kiếm,Quận
1901,3.58,57.0,62.81,long biên,Quận
1902,49.5,110.0,450.0,tây hồ,Quận
1903,7.5,45.0,166.67,đống đa,Quận
1904,6.6,60.0,110.0,hoàn kiếm,Quận
1905,2.7,34.0,79.41,hoàn kiếm,Quận
1906,3.15,32.0,98.44,bắc từ liêm,Quận
1907,5.5,85.0,64.71,thanh xuân,Quận
1908,3.5,46.0,76.09,bắc từ liêm,Quận
1909,5.65,51.0,110.78,thanh trì,Huyện
1910,6.65,40.0,166.25,thanh xuân,Quận
1911,2.6,37.0,70.27,hà đông,Quận
1912,6.9,35.0,197.14,ba đình,Quận
1913,2.75,33.0,83.33,hoàn kiếm,Quận
1914,5.7,51.0,111.76,hoàn kiếm,Quận
1915,1.65,35.0,47.14,bắc từ liêm,Quận
1916,5.1,38.0,134.21,ba đình,Quận
1917,4.0,25.0,160.0,ba đình,Quận
1918,1.6,35.0,45.71,hà đông,Quận
1919,3.25,35.0,92.86,tây hồ,Quận
1920,3.38,50.0,67.6,hoàn kiếm,Quận
1921,2.95,35.0,84.29,bắc từ liêm,Quận
1922,26.0,70.0,371.43,ba đình,Quận
1923,4.0,35.0,114.29,ba đình,Quận
1924,1.8,40.0,45.0,bắc từ liêm,Quận
1925,11.9,67.0,177.61,bắc từ liêm,Quận
1926,2.5,27.0,92.59,thanh xuân,Quận
1927,8.2,42.0,195.24,thanh xuân,Quận
1928,2.6,36.0,72.22,long biên,Quận
1929,4.0,30.0,133.33,ba đình,Quận
1930,3.9,35.0,111.43,nam từ liêm,Quận
1931,3.75,42.0,89.29,hoàn kiếm,Quận
1932,13.5,80.0,168.75,ba đình,Quận
1933,4.8,42.0,114.29,hoàn kiếm,Quận
1934,4.2,41.0,102.44,đống đa,Quận
1935,9.0,48.0,187.5,thanh xuân,Quận
1936,7.8,40.0,195.0,đống đa,Quận
1937,3.15,46.0,68.48,bắc từ liêm,Quận
1938,8.3,79.0,105.06,đống đa,Quận
1939,4.5,64.0,70.31,đống đa,Quận
1940,4.45,62.0,71.77,đống đa,Quận
1941,5.65,71.0,79.58,đống đa,Quận
1942,2.4,35.0,68.57,long biên,Quận
1943,4.9,42.0,116.67,ba đình,Quận
1944,7.8,41.0,190.24,ba đình,Quận
1945,4.6,55.0,83.64,bắc từ liêm,Quận
1946,8.0,50.0,160.0,tây hồ,Quận
1947,3.85,35.0,110.0,hoàn kiếm,Quận
1948,2.55,32.0,79.69,nam từ liêm,Quận
1949,24.0,93.0,258.06,ba đình,Quận
1950,1.55,33.0,46.97,hà đông,Quận
1951,7.3,100.0,73.0,long biên,Quận
1952,2.35,32.0,73.44,hoàn kiếm,Quận
1953,3.75,55.0,68.18,hoàn kiếm,Quận
1954,13.0,125.0,104.0,thanh xuân,Quận
1955,9.3,46.0,202.17,đống đa,Quận
1956,3.3,35.0,94.29,hoàn kiếm,Quận
1957,5.8,42.0,138.1,ba đình,Quận
1958,2.75,30.0,91.67,đống đa,Quận
1959,7.3,45.0,162.22,tây hồ,Quận
1960,6.6,83.0,79.52,ba đình,Quận
1961,2.1,30.0,70.0,bắc từ liêm,Quận
1962,5.0,47.0,106.38,tây hồ,Quận
1963,4.2,48.0,87.5,long biên,Quận
1964,6.15,42.0,146.43,hoàn kiếm,Quận
1965,2.68,30.0,89.33,nam từ liêm,Quận
1966,7.3,44.0,165.91,thanh xuân,Quận
1967,8.8,65.0,135.38,hoàn kiếm,Quận
1968,6.2,65.0,95.38,long biên,Quận
1969,0.8,24.0,33.33,hoàn kiếm,Quận
1970,7.0,42.0,166.67,thanh xuân,Quận
1971,4.5,55.0,81.82,hoàn kiếm,Quận
1972,1.85,33.0,56.06,hà đông,Quận
1973,4.85,64.0,75.78,ba đình,Quận
1974,2.9,40.0,72.5,hoàn kiếm,Quận
1975,4.18,48.0,87.08,ba đình,Quận
1976,2.1,31.0,67.74,đống đa,Quận
1977,10.6,55.0,192.73,ba đình,Quận
1978,4.1,35.0,117.14,ba đình,Quận
1979,20.0,118.0,169.49,tây hồ,Quận
1980,3.05,60.0,50.83,hoàn kiếm,Quận
1981,5.9,50.0,118.0,hoàn kiếm,Quận
1982,9.5,110.0,86.36,thanh xuân,Quận
1983,1.9,33.0,57.58,bắc từ liêm,Quận
1984,11.5,62.0,185.48,ba đình,Quận
1985,3.0,30.0,100.0,hoàn kiếm,Quận
1986,2.35,33.0,71.21,hoàn kiếm,Quận
1987,2.25,30.0,75.0,hoàn kiếm,Quận
1988,4.8,42.0,114.29,hoàn kiếm,Quận
1989,6.5,48.0,135.42,hoàn kiếm,Quận
1990,4.7,38.0,123.68,bắc từ liêm,Quận
1991,7.5,55.0,136.36,thanh xuân,Quận
1992,2.1,42.0,50.0,hoàn kiếm,Quận
1993,4.3,63.0,68.25,nam từ liêm,Quận
1994,2.95,30.0,98.33,hà đông,Quận
1995,3.2,55.0,58.18,hà đông,Quận
1996,4.9,45.0,108.89,nam từ liêm,Quận
1997,2.5,39.0,64.1,hoàn kiếm,Quận
1998,8.0,65.0,123.08,hoàn kiếm,Quận
1999,2.38,35.0,68.0,hoàn kiếm,Quận
2000,3.0,47.0,63.83,long biên,Quận
2001,8.5,60.0,141.67,hoàn kiếm,Quận
2002,8.5,81.0,104.94,tây hồ,Quận
2003,2.2,45.0,48.89,hoàn kiếm,Quận
2004,3.04,30.0,101.33,hà đông,Quận
2005,5.05,42.0,120.24,ba đình,Quận
2006,3.55,45.0,78.89,thanh xuân,Quận
2007,8.2,59.0,138.98,ba đình,Quận
2008,8.5,60.0,141.67,ba đình,Quận
2009,2.45,35.0,70.0,nam từ liêm,Quận
2010,5.8,52.0,111.54,ba đình,Quận
2011,4.8,38.0,126.32,ba đình,Quận
2012,12.0,83.0,144.58,hoàn kiếm,Quận
2013,2.76,40.0,69.0,hà đông,Quận
2014,2.3,40.0,57.5,thanh trì,Huyện
2015,5.7,65.0,87.69,ba đình,Quận
2016,1.5,39.0,38.46,hà đông,Quận
2017,7.0,50.0,140.0,thanh xuân,Quận
2018,8.9,55.0,161.82,hà đông,Quận
2019,7.6,40.0,190.0,nam từ liêm,Quận
2020,22.5,80.0,281.25,đống đa,Quận
2021,2.9,45.0,64.44,hà đông,Quận
2022,4.5,51.0,88.24,đống đa,Quận
2023,3.6,51.0,70.59,hoàn kiếm,Quận
2024,6.3,45.0,140.0,đống đa,Quận
2025,6.68,33.0,202.42,ba đình,Quận
2026,2.83,34.0,83.24,thanh xuân,Quận
2027,2.0,41.0,48.78,hoài đức,Huyện
2028,1.3,30.0,43.33,hà đông,Quận
2029,1.85,34.0,54.41,hà đông,Quận
2030,32.0,80.0,400.0,đống đa,Quận
2031,3.75,33.0,113.64,thanh xuân,Quận
2032,3.1,33.0,93.94,tây hồ,Quận
2033,35.5,135.0,262.96,đống đa,Quận
2034,3.5,38.0,92.11,nam từ liêm,Quận
2035,3.95,65.0,60.77,long biên,Quận
2036,4.2,45.0,93.33,thanh xuân,Quận
2037,5.2,59.0,88.14,long biên,Quận
2038,2.29,33.0,69.39,hà đông,Quận
2039,11.5,60.0,191.67,ba đình,Quận
2040,3.5,40.0,87.5,ba đình,Quận
2041,9.45,70.0,135.0,tây hồ,Quận
2042,1.35,45.0,30.0,đông anh,Huyện
2043,1.78,34.0,52.35,hà đông,Quận
2044,2.15,36.0,59.72,long biên,Quận
2045,5.6,72.0,77.78,thanh xuân,Quận
2046,2.7,37.0,72.97,tây hồ,Quận
2047,1.65,40.0,41.25,long biên,Quận
2048,3.6,40.0,90.0,hà đông,Quận
2049,7.3,55.0,132.73,thanh xuân,Quận
2050,4.7,47.0,100.0,hoàn kiếm,Quận
2051,2.4,48.0,50.0,long biên,Quận
2052,6.1,67.0,91.04,nam từ liêm,Quận
2053,2.9,45.0,64.44,hoàn kiếm,Quận
2054,3.1,38.0,81.58,nam từ liêm,Quận
2055,3.72,30.8,120.78,đống đa,Quận
2056,2.7,34.0,79.41,hà đông,Quận
2057,10.5,50.0,210.0,ba đình,Quận
2058,4.19,55.0,76.18,tây hồ,Quận
2059,3.3,40.0,82.5,thanh xuân,Quận
2060,3.8,35.0,108.57,long biên,Quận
2061,16.0,80.0,200.0,ba đình,Quận
2062,3.1,30.0,103.33,thanh xuân,Quận
2063,10.2,52.0,196.15,đống đa,Quận
2064,3.0,45.0,66.67,hoàn kiếm,Quận
2065,9.9,55.0,180.0,ba đình,Quận
2066,12.5,75.0,166.67,hoàn kiếm,Quận
2067,3.85,40.0,96.25,nam từ liêm,Quận
2068,3.1,45.0,68.89,hoàn kiếm,Quận
2069,3.3,30.0,110.0,đống đa,Quận
2070,5.4,42.0,128.57,thanh xuân,Quận
2071,4.6,43.0,106.98,hoàn kiếm,Quận
2072,15.5,102.0,151.96,thanh xuân,Quận
2073,2.35,35.0,67.14,bắc từ liêm,Quận
2074,18.5,90.0,205.56,đống đa,Quận
2075,3.85,35.0,110.0,tây hồ,Quận
2076,4.5,45.0,100.0,đống đa,Quận
2077,1.05,50.0,21.0,long biên,Quận
2078,2.8,39.0,71.79,thanh xuân,Quận
2079,2.8,36.0,77.78,thanh xuân,Quận
2080,2.85,35.0,81.43,hoàn kiếm,Quận
2081,4.65,43.0,108.14,ba đình,Quận
2082,1.85,30.0,61.67,hoàn kiếm,Quận
2083,4.65,54.0,86.11,hoàn kiếm,Quận
2084,3.2,54.0,59.26,bắc từ liêm,Quận
2085,4.2,45.0,93.33,hà đông,Quận
2086,8.7,70.0,124.29,nam từ liêm,Quận
2087,2.2,32.0,68.75,hoài đức,Huyện
2088,3.5,65.0,53.85,thanh xuân,Quận
2089,4.15,91.0,45.6,long biên,Quận
2090,7.6,68.0,111.76,thanh xuân,Quận
2091,2.65,33.0,80.3,thanh trì,Huyện
2092,4.9,50.0,98.0,hà đông,Quận
2093,3.35,31.0,108.06,long biên,Quận
2094,2.6,41.0,63.41,hoàn kiếm,Quận
2095,2.5,30.0,83.33,hoàn kiếm,Quận
2096,16.29,69.0,236.09,thanh xuân,Quận
2097,3.5,52.0,67.31,thanh xuân,Quận
2098,2.3,45.0,51.11,thanh xuân,Quận
2099,2.85,36.0,79.17,thanh xuân,Quận
2100,2.1,40.0,52.5,thanh trì,Huyện
2101,10.0,50.0,200.0,đống đa,Quận
2102,3.35,30.0,111.67,ba đình,Quận
2103,3.4,50.0,68.0,hà đông,Quận
2104,1.7,21.0,80.95,hoàn kiếm,Quận
2105,3.0,45.0,66.67,thanh xuân,Quận
2106,2.88,33.0,87.27,hoàn kiếm,Quận
2107,3.05,33.0,92.42,thanh xuân,Quận
2108,5.3,72.0,73.61,long biên,Quận
2109,6.2,63.0,98.41,ba đình,Quận
2110,3.5,39.0,89.74,nam từ liêm,Quận
2111,69.0,53.0,1301.89,hà đông,Quận
2112,6.4,48.0,133.33,thanh xuân,Quận
2113,2.38,30.0,79.33,thanh xuân,Quận
2114,1.85,38.0,48.68,thanh trì,Huyện
2115,13.5,160.0,84.38,thanh xuân,Quận
2116,5.6,48.0,116.67,nam từ liêm,Quận
2117,4.5,45.0,100.0,ba đình,Quận
2118,2.35,50.0,47.0,bắc từ liêm,Quận
2119,1.68,30.5,55.08,hà đông,Quận
2120,4.5,45.0,100.0,long biên,Quận
2121,4.75,57.0,83.33,bắc từ liêm,Quận
2122,1.85,40.0,46.25,thanh trì,Huyện
2123,1.85,36.0,51.39,thanh trì,Huyện
2124,3.8,32.0,118.75,thanh xuân,Quận
2125,4.1,40.0,102.5,hà đông,Quận
2126,8.0,100.0,80.0,ba đình,Quận
2127,4.5,37.0,121.62,thanh xuân,Quận
2128,3.0,41.0,73.17,hoàn kiếm,Quận
2129,2.85,45.0,63.33,thanh xuân,Quận
2130,1.35,20.0,67.5,đống đa,Quận
2131,2.3,45.0,51.11,long biên,Quận
2132,3.7,43.0,86.05,nam từ liêm,Quận
2133,7.0,50.0,140.0,đống đa,Quận
2134,1.9,36.0,52.78,thanh trì,Huyện
2135,28.5,85.0,335.29,tây hồ,Quận
2136,3.0,43.0,69.77,long biên,Quận
2137,3.45,30.0,115.0,hoàn kiếm,Quận
2138,6.2,50.0,124.0,nam từ liêm,Quận
2139,4.7,60.0,78.33,hà đông,Quận
2140,3.0,36.0,83.33,long biên,Quận
2141,2.48,33.0,75.15,long biên,Quận
2142,11.8,63.0,187.3,thanh xuân,Quận
2143,3.1,36.0,86.11,thanh xuân,Quận
2144,4.3,62.0,69.35,tây hồ,Quận
2145,7.75,32.0,242.19,đống đa,Quận
2146,4.8,68.0,70.59,long biên,Quận
2147,7.5,50.0,150.0,đống đa,Quận
2148,4.2,95.0,44.21,long biên,Quận
2149,3.55,35.0,101.43,thanh xuân,Quận
2150,5.7,70.0,81.43,thanh xuân,Quận
2151,4.7,50.0,94.0,thanh xuân,Quận
2152,6.3,50.0,126.0,tây hồ,Quận
2153,1.95,30.0,65.0,thanh trì,Huyện
2154,4.0,30.0,133.33,đống đa,Quận
2155,2.95,36.0,81.94,hoàn kiếm,Quận
2156,1.8,23.0,78.26,hoàn kiếm,Quận
2157,2.6,34.0,76.47,hoàn kiếm,Quận
2158,2.8,36.0,77.78,nam từ liêm,Quận
2159,3.0,51.0,58.82,tây hồ,Quận
2160,3.48,34.0,102.35,ba đình,Quận
2161,2.55,45.0,56.67,bắc từ liêm,Quận
2162,4.5,62.0,72.58,long biên,Quận
2163,2.5,33.0,75.76,hà đông,Quận
2164,2.9,40.0,72.5,hoàn kiếm,Quận
2165,4.15,56.0,74.11,hoàn kiếm,Quận
2166,4.4,60.0,73.33,ba đình,Quận
2167,3.3,40.0,82.5,hoàn kiếm,Quận
2168,6.93,42.0,165.0,ba đình,Quận
2169,3.8,38.0,100.0,long biên,Quận
2170,4.8,41.0,117.07,hoàn kiếm,Quận
2171,3.3,44.0,75.0,hoàn kiếm,Quận
2172,7.8,32.0,243.75,đống đa,Quận
2173,4.6,36.0,127.78,đống đa,Quận
2174,1.93,34.0,56.76,hà đông,Quận
2175,15.0,75.0,200.0,hoàn kiếm,Quận
2176,6.0,65.0,92.31,hoàn kiếm,Quận
2177,4.3,33.0,130.3,thanh xuân,Quận
2178,2.6,38.0,68.42,thanh trì,Huyện
2179,21.5,173.0,124.28,ba đình,Quận
2180,4.18,40.0,104.5,long biên,Quận
2181,3.0,32.0,93.75,nam từ liêm,Quận
2182,6.4,60.0,106.67,thanh xuân,Quận
2183,5.2,84.0,61.9,thường tín,Huyện
2184,3.1,40.0,77.5,nam từ liêm,Quận
2185,5.15,58.0,88.79,hoàn kiếm,Quận
2186,1.6,35.6,44.94,thanh trì,Huyện
2187,2.7,70.0,38.57,thanh trì,Huyện
2188,3.3,41.0,80.49,bắc từ liêm,Quận
2189,2.5,35.0,71.43,hoàn kiếm,Quận
2190,7.5,80.0,93.75,thanh xuân,Quận
2191,1.7,30.0,56.67,hoàn kiếm,Quận
2192,3.5,40.0,87.5,hoàn kiếm,Quận
2193,3.6,34.0,105.88,tây hồ,Quận
2194,2.2,60.0,36.67,hoàn kiếm,Quận
2195,11.0,45.0,244.44,ba đình,Quận
2196,3.5,50.0,70.0,thanh xuân,Quận
2197,4.4,31.0,141.94,thanh xuân,Quận
2198,6.0,91.0,65.93,long biên,Quận
2199,5.8,48.0,120.83,hoàn kiếm,Quận
2200,13.5,55.0,245.45,hoàn kiếm,Quận
2201,16.7,55.0,303.64,đống đa,Quận
2202,5.7,50.0,114.0,ba đình,Quận
2203,3.9,36.0,108.33,hà đông,Quận
2204,10.7,56.0,191.07,đống đa,Quận
2205,6.85,40.0,171.25,thanh xuân,Quận
2206,2.8,40.0,70.0,hoàn kiếm,Quận
2207,2.2,57.0,38.6,bắc từ liêm,Quận
2208,3.25,32.0,101.56,ba đình,Quận
2209,1.1,52.0,21.15,thanh xuân,Quận
2210,3.0,40.0,75.0,hoàn kiếm,Quận
2211,1.2,50.0,24.0,thanh xuân,Quận
2212,3.6,75.0,48.0,hà đông,Quận
2213,0.9,50.0,18.0,đống đa,Quận
2214,2.55,30.0,85.0,long biên,Quận
2215,2.8,35.0,80.0,đống đa,Quận
2216,3.75,39.0,96.15,hoàn kiếm,Quận
2217,10.3,56.0,183.93,ba đình,Quận
2218,4.3,52.0,82.69,đống đa,Quận
2219,9.6,72.0,133.33,tây hồ,Quận
2220,7.2,60.0,120.0,ba đình,Quận
2221,6.3,40.0,157.5,đống đa,Quận
2222,4.1,55.0,74.55,tây hồ,Quận
2223,2.75,31.0,88.71,thanh trì,Huyện
2224,8.5,41.0,207.32,ba đình,Quận
2225,2.1,34.0,61.76,hà đông,Quận
2226,13.2,60.0,220.0,tây hồ,Quận
2227,4.9,53.0,92.45,ba đình,Quận
2228,13.5,60.0,225.0,ba đình,Quận
2229,3.0,35.0,85.71,đống đa,Quận
2230,3.6,40.0,90.0,thanh xuân,Quận
2231,4.15,40.0,103.75,ba đình,Quận
2232,1.88,32.0,58.75,hoàn kiếm,Quận
2233,6.8,43.0,158.14,long biên,Quận
2234,12.5,55.0,227.27,đống đa,Quận
2235,4.7,40.0,117.5,đống đa,Quận
2236,2.78,35.0,79.43,thanh xuân,Quận
2237,3.4,40.0,85.0,thanh trì,Huyện
2238,5.3,70.0,75.71,hoàn kiếm,Quận
2239,2.55,25.0,102.0,hoàn kiếm,Quận
2240,3.98,43.0,92.56,hoàn kiếm,Quận
2241,3.25,30.0,108.33,nam từ liêm,Quận
2242,1.6,33.0,48.48,bắc từ liêm,Quận
2243,5.9,55.0,107.27,hoàn kiếm,Quận
2244,2.6,35.0,74.29,long biên,Quận
2245,4.0,54.0,74.07,hoàn kiếm,Quận
2246,5.9,96.0,61.46,nam từ liêm,Quận
2247,4.8,82.0,58.54,đống đa,Quận
2248,5.55,46.0,120.65,đống đa,Quận
2249,3.4,40.0,85.0,long biên,Quận
2250,13.8,80.0,172.5,ba đình,Quận
2251,3.3,40.0,82.5,bắc từ liêm,Quận
2252,1.65,36.0,45.83,thanh trì,Huyện
2253,3.45,45.0,76.67,hoàn kiếm,Quận
2254,3.25,42.0,77.38,hoàn kiếm,Quận
2255,8.15,45.0,181.11,thanh xuân,Quận
2256,3.2,60.0,53.33,hoàn kiếm,Quận
2257,2.3,32.0,71.88,hoài đức,Huyện
2258,5.3,40.0,132.5,hoàn kiếm,Quận
2259,4.3,90.0,47.78,nam từ liêm,Quận
2260,6.1,43.0,141.86,thanh xuân,Quận
2261,14.5,130.0,111.54,hà đông,Quận
2262,3.7,43.0,86.05,thanh trì,Huyện
2263,12.8,70.0,182.86,thanh xuân,Quận
2264,3.8,44.0,86.36,tây hồ,Quận
2265,4.65,52.0,89.42,thanh xuân,Quận
2266,7.5,75.0,100.0,hà đông,Quận
2267,8.5,55.0,154.55,ba đình,Quận
2268,2.95,31.0,95.16,bắc từ liêm,Quận
2269,5.08,40.0,127.0,ba đình,Quận
2270,2.2,23.0,95.65,đống đa,Quận
2271,3.5,40.0,87.5,long biên,Quận
2272,1.95,30.0,65.0,ba đình,Quận
2273,7.5,55.0,136.36,ba đình,Quận
2274,3.6,32.0,112.5,bắc từ liêm,Quận
2275,10.5,70.0,150.0,hoàn kiếm,Quận
2276,10.2,65.0,156.92,đống đa,Quận
2277,4.8,40.0,120.0,thanh xuân,Quận
2278,2.7,32.0,84.38,tây hồ,Quận
2279,5.2,65.0,80.0,tây hồ,Quận
2280,3.0,32.0,93.75,hoàn kiếm,Quận
2281,9.0,75.0,120.0,tây hồ,Quận
2282,3.8,31.0,122.58,ba đình,Quận
2283,5.0,60.0,83.33,ba đình,Quận
2284,2.26,39.0,57.95,ba đình,Quận
2285,2.86,30.0,95.33,thanh xuân,Quận
2286,2.7,45.0,60.0,hà đông,Quận
2287,3.8,42.0,90.48,hà đông,Quận
2288,2.15,31.0,69.35,hà đông,Quận
2289,4.9,43.0,113.95,ba đình,Quận
2290,1.9,33.0,57.58,hoài đức,Huyện
2291,2.8,33.0,84.85,hoàn kiếm,Quận
2292,4.1,38.0,107.89,hoàn kiếm,Quận
2293,5.0,77.0,64.94,gia lâm,Huyện
2294,3.7,43.0,86.05,long biên,Quận
2295,4.1,80.0,51.25,hà đông,Quận
2296,4.7,45.0,104.44,thanh xuân,Quận
2297,3.35,38.0,88.16,hà đông,Quận
2298,36.0,137.0,262.77,ba đình,Quận
2299,5.3,45.0,117.78,đống đa,Quận
2300,1.85,20.0,92.5,hoàn kiếm,Quận
2301,1.35,31.0,43.55,hoài đức,Huyện
2302,1.7,18.0,94.44,đống đa,Quận
2303,4.9,50.0,98.0,hoàn kiếm,Quận
2304,6.65,51.0,130.39,thanh xuân,Quận
2305,5.7,82.0,69.51,long biên,Quận
2306,3.3,55.0,60.0,thanh xuân,Quận
2307,3.6,33.0,109.09,ba đình,Quận
2308,3.45,35.0,98.57,ba đình,Quận
2309,3.2,40.0,80.0,ba đình,Quận
2310,5.4,52.0,103.85,hoàn kiếm,Quận
2311,8.5,33.0,257.58,đống đa,Quận
2312,3.2,42.0,76.19,hoàn kiếm,Quận
2313,5.6,50.0,112.0,hà đông,Quận
2314,2.85,40.0,71.25,hà đông,Quận
2315,3.1,31.0,100.0,long biên,Quận
2316,3.05,23.0,132.61,đống đa,Quận
2317,9.6,75.0,128.0,hoàn kiếm,Quận
2318,3.1,40.0,77.5,bắc từ liêm,Quận
2319,4.9,54.0,90.74,nam từ liêm,Quận
2320,3.6,40.0,90.0,đống đa,Quận
2321,7.4,70.0,105.71,ba đình,Quận
2322,3.3,32.0,103.12,ba đình,Quận
2323,3.0,45.0,66.67,hoàn kiếm,Quận
2324,4.5,45.0,100.0,hoàn kiếm,Quận
2325,3.35,82.0,40.85,hoàn kiếm,Quận
2326,6.2,67.5,91.85,long biên,Quận
2327,4.6,54.0,85.19,ba đình,Quận
2328,2.35,37.0,63.51,long biên,Quận
2329,4.2,40.0,105.0,hoàn kiếm,Quận
2330,12.0,92.0,130.43,tây hồ,Quận
2331,3.15,33.0,95.45,hoàn kiếm,Quận
2332,14.7,99.0,148.48,hà đông,Quận
2333,5.55,80.0,69.37,thanh xuân,Quận
2334,4.35,42.0,103.57,ba đình,Quận
2335,2.89,34.0,85.0,hà đông,Quận
2336,3.8,30.0,126.67,bắc từ liêm,Quận
2337,4.2,20.0,210.0,đống đa,Quận
2338,2.35,42.0,55.95,long biên,Quận
2339,5.4,38.0,142.11,ba đình,Quận
2340,4.75,40.0,118.75,tây hồ,Quận
2341,6.0,102.0,58.82,hoàn kiếm,Quận
2342,7.2,50.0,144.0,đống đa,Quận
2343,3.8,38.0,100.0,hà đông,Quận
2344,8.1,69.0,117.39,thanh xuân,Quận
2345,2.8,35.0,80.0,thanh trì,Huyện
2346,6.5,60.0,108.33,hoàn kiếm,Quận
2347,4.1,34.0,120.59,hoàn kiếm,Quận
2348,2.1,28.0,75.0,hoàn kiếm,Quận
2349,3.7,38.0,97.37,hà đông,Quận
2350,1.66,16.0,103.75,đống đa,Quận
2351,5.4,44.0,122.73,ba đình,Quận
2352,3.05,38.0,80.26,long biên,Quận
2353,8.6,60.0,143.33,ba đình,Quận
2354,4.3,45.0,95.56,hà đông,Quận
2355,8.0,60.0,133.33,ba đình,Quận
2356,10.7,92.0,116.3,đống đa,Quận
2357,4.25,45.0,94.44,hoàn kiếm,Quận
2358,3.15,47.0,67.02,đống đa,Quận
2359,3.7,26.0,142.31,đống đa,Quận
2360,6.6,70.0,94.29,bắc từ liêm,Quận
2361,3.32,74.0,44.86,tây hồ,Quận
2362,4.0,40.0,100.0,ba đình,Quận
2363,3.15,53.0,59.43,tây hồ,Quận
2364,1.5,22.5,66.67,đống đa,Quận
2365,2.6,34.0,76.47,hoàn kiếm,Quận
2366,2.38,45.0,52.89,thanh trì,Huyện
2367,2.2,21.0,104.76,hoàn kiếm,Quận
2368,4.0,66.0,60.61,thanh xuân,Quận
2369,4.75,45.0,105.56,nam từ liêm,Quận
2370,2.56,33.0,77.58,hà đông,Quận
2371,3.75,36.0,104.17,hà đông,Quận
2372,15.0,54.0,277.78,ba đình,Quận
2373,2.1,32.0,65.62,hoàn kiếm,Quận
2374,1.6,40.0,40.0,đông anh,Huyện
2375,6.2,46.0,134.78,đống đa,Quận
2376,5.5,55.0,100.0,ba đình,Quận
2377,3.92,48.0,81.67,hoàn kiếm,Quận
2378,3.18,46.0,69.13,bắc từ liêm,Quận
2379,11.5,66.0,174.24,đống đa,Quận
2380,1.3,15.0,86.67,hoàn kiếm,Quận
2381,3.75,42.0,89.29,hoàn kiếm,Quận
2382,30.0,160.0,187.5,tây hồ,Quận
2383,4.85,54.0,89.81,hoàn kiếm,Quận
2384,17.0,56.0,303.57,đống đa,Quận
2385,3.7,36.0,102.78,ba đình,Quận
2386,3.9,40.0,97.5,thanh xuân,Quận
2387,2.85,30.0,95.0,hoàn kiếm,Quận
2388,1.55,40.0,38.75,hà đông,Quận
2389,4.52,60.0,75.33,bắc từ liêm,Quận
2390,3.18,34.0,93.53,hoàn kiếm,Quận
2391,4.3,35.0,122.86,thanh xuân,Quận
2392,4.3,46.0,93.48,đống đa,Quận
2393,3.39,36.0,94.17,đống đa,Quận
2394,3.28,45.0,72.89,thanh xuân,Quận
2395,5.8,65.0,89.23,long biên,Quận
2396,5.35,52.0,102.88,long biên,Quận
2397,2.8,46.1,60.74,nam từ liêm,Quận
2398,4.1,45.0,91.11,ba đình,Quận
2399,2.98,31.0,96.13,hoàn kiếm,Quận
2400,3.7,31.0,119.35,hoàn kiếm,Quận
2401,12.0,73.0,164.38,tây hồ,Quận
2402,2.5,32.0,78.12,nam từ liêm,Quận
2403,3.8,36.0,105.56,bắc từ liêm,Quận
2404,10.35,118.0,87.71,hoàn kiếm,Quận
2405,2.75,40.0,68.75,long biên,Quận
2406,11.5,61.0,188.52,đống đa,Quận
2407,9.8,50.0,196.0,ba đình,Quận
2408,5.6,50.0,112.0,ba đình,Quận
2409,5.99,70.0,85.57,thanh xuân,Quận
2410,2.83,40.0,70.75,thanh xuân,Quận
2411,5.25,36.0,145.83,hà đông,Quận
2412,3.7,42.0,88.1,hoàn kiếm,Quận
2413,2.85,35.0,81.43,long biên,Quận
2414,5.5,75.0,73.33,hoàn kiếm,Quận
2415,1.32,42.0,31.43,hoài đức,Huyện
2416,3.6,44.0,81.82,tây hồ,Quận
2417,3.2,36.0,88.89,bắc từ liêm,Quận
2418,3.2,35.0,91.43,tây hồ,Quận
2419,3.8,33.0,115.15,hà đông,Quận
2420,5.4,72.0,75.0,hoàn kiếm,Quận
2421,4.4,50.0,88.0,hoàn kiếm,Quận
2422,1.86,28.0,66.43,thanh xuân,Quận
2423,5.5,37.0,148.65,ba đình,Quận
2424,10.9,59.0,184.75,hoàn kiếm,Quận
2425,3.78,46.0,82.17,tây hồ,Quận
2426,2.6,35.0,74.29,hoàn kiếm,Quận
2427,1.9,35.0,54.29,thanh trì,Huyện
2428,2.5,35.0,71.43,thanh trì,Huyện
2429,2.15,30.0,71.67,hoàn kiếm,Quận
2430,4.5,33.0,136.36,thanh xuân,Quận
2431,2.65,39.0,67.95,thanh xuân,Quận
2432,2.95,45.0,65.56,thanh xuân,Quận
2433,2.3,40.0,57.5,long biên,Quận
2434,5.25,58.0,90.52,nam từ liêm,Quận
2435,2.7,42.0,64.29,long biên,Quận
2436,26.0,100.0,260.0,ba đình,Quận
2437,5.5,60.0,91.67,hà đông,Quận
2438,4.5,63.0,71.43,hà đông,Quận
2439,4.7,60.0,78.33,nam từ liêm,Quận
2440,5.8,39.0,148.72,tây hồ,Quận
2441,4.9,40.0,122.5,ba đình,Quận
2442,4.2,81.0,51.85,thanh xuân,Quận
2443,6.3,36.6,172.13,đống đa,Quận
2444,11.5,72.0,159.72,hoàn kiếm,Quận
2445,16.0,90.0,177.78,hoàn kiếm,Quận
2446,10.5,66.0,159.09,nam từ liêm,Quận
2447,10.0,50.0,200.0,ba đình,Quận
2448,11.0,51.0,215.69,đống đa,Quận
2449,6.0,72.0,83.33,đống đa,Quận
2450,20.5,190.0,107.89,hà đông,Quận
2451,0.8,46.0,17.39,đống đa,Quận
2452,6.7,55.0,121.82,thanh xuân,Quận
2453,2.05,74.0,27.7,chương mỹ,Huyện
2454,8.6,70.0,122.86,ba đình,Quận
2455,1.04,54.7,19.01,hoài đức,Huyện
2456,0.69,100.0,6.9,quốc oai,Huyện
2457,3.1,43.0,72.09,hoàn kiếm,Quận
2458,13.3,125.0,106.4,hoàn kiếm,Quận
2459,5.5,45.0,122.22,ba đình,Quận
2460,2.8,36.0,77.78,hoàn kiếm,Quận
2461,2.7,35.0,77.14,hoàn kiếm,Quận
2462,4.5,58.0,77.59,hà đông,Quận
2463,4.3,36.0,119.44,hoàn kiếm,Quận
2464,5.0,32.0,156.25,hoàn kiếm,Quận
2465,5.3,55.0,96.36,hà đông,Quận
2466,3.65,33.0,110.61,nam từ liêm,Quận
2467,3.2,41.0,78.05,long biên,Quận
2468,10.5,85.0,123.53,hoàn kiếm,Quận
2469,2.8,30.0,93.33,hoàn kiếm,Quận
2470,1.29,33.0,39.09,hà đông,Quận
2471,2.05,25.0,82.0,hoàn kiếm,Quận
2472,4.8,60.0,80.0,ba đình,Quận
2473,11.3,61.0,185.25,đống đa,Quận
2474,9.5,57.0,166.67,đống đa,Quận
2475,4.9,50.0,98.0,ba đình,Quận
2476,2.45,41.0,59.76,thanh trì,Huyện
2477,10.2,56.0,182.14,đống đa,Quận
2478,3.6,38.0,94.74,bắc từ liêm,Quận
2479,3.1,35.0,88.57,thanh xuân,Quận
2480,39.9,171.0,233.33,thanh xuân,Quận
2481,4.25,40.0,106.25,ba đình,Quận
2482,5.5,37.0,148.65,hà đông,Quận
2483,6.0,50.0,120.0,hà đông,Quận
2484,3.2,20.0,160.0,nam từ liêm,Quận
2485,4.8,55.0,87.27,hà đông,Quận
2486,8.5,55.0,154.55,đống đa,Quận
2487,6.8,48.0,141.67,long biên,Quận
2488,5.9,44.0,134.09,bắc từ liêm,Quận
2489,10.0,62.0,161.29,ba đình,Quận
2490,3.0,35.0,85.71,nam từ liêm,Quận
2491,13.0,60.0,216.67,ba đình,Quận
2492,15.5,75.0,206.67,ba đình,Quận
2493,6.0,50.0,120.0,nam từ liêm,Quận
2494,8.2,52.0,157.69,ba đình,Quận
2495,3.02,38.0,79.47,thanh xuân,Quận
2496,4.0,36.0,111.11,tây hồ,Quận
2497,3.0,36.0,83.33,bắc từ liêm,Quận
2498,8.5,52.0,163.46,ba đình,Quận
2499,6.6,72.0,91.67,thanh xuân,Quận
2500,5.95,48.0,123.96,hoàn kiếm,Quận
2501,13.8,80.0,172.5,thanh xuân,Quận
2502,4.5,48.0,93.75,đống đa,Quận
2503,3.78,51.0,74.12,ba đình,Quận
2504,2.5,30.0,83.33,bắc từ liêm,Quận
2505,6.3,60.0,105.0,đống đa,Quận
2506,6.1,43.0,141.86,ba đình,Quận
2507,3.7,41.5,89.16,ba đình,Quận
2508,2.65,21.2,125.0,ba đình,Quận
2509,7.2,56.0,128.57,ba đình,Quận
2510,2.45,20.0,122.5,tây hồ,Quận
2511,1.7,31.0,54.84,hà đông,Quận
2512,2.7,30.0,90.0,hoàn kiếm,Quận
2513,3.8,46.3,82.07,ba đình,Quận
2514,3.2,62.0,51.61,long biên,Quận
2515,6.8,50.0,136.0,thanh xuân,Quận
2516,7.1,74.0,95.95,long biên,Quận
2517,3.4,50.0,68.0,hoàn kiếm,Quận
2518,6.0,42.3,141.84,đống đa,Quận
2519,6.5,50.0,130.0,thanh xuân,Quận
2520,6.4,50.0,128.0,long biên,Quận
2521,5.8,60.0,96.67,long biên,Quận
2522,2.5,50.0,50.0,thanh trì,Huyện
2523,12.5,79.5,157.23,hoàn kiếm,Quận
2524,4.9,63.0,77.78,ba đình,Quận
2525,3.1,30.0,103.33,ba đình,Quận
2526,5.5,45.0,122.22,nam từ liêm,Quận
2527,5.7,54.0,105.56,hoàn kiếm,Quận
2528,3.29,36.0,91.39,long biên,Quận
2529,3.3,36.0,91.67,long biên,Quận
2530,1.4,65.0,21.54,long biên,Quận
2531,5.8,60.0,96.67,hà đông,Quận
2532,11.2,90.0,124.44,tây hồ,Quận
2533,15.6,120.0,130.0,tây hồ,Quận
2534,4.75,53.0,89.62,nam từ liêm,Quận
2535,3.15,36.0,87.5,ba đình,Quận
2536,7.92,72.0,110.0,đống đa,Quận
2537,1.9,30.0,63.33,hoàn kiếm,Quận
2538,2.65,32.0,82.81,hoàn kiếm,Quận
2539,5.0,75.0,66.67,tây hồ,Quận
2540,3.4,45.0,75.56,thanh xuân,Quận
2541,3.38,38.0,88.95,hoàn kiếm,Quận
2542,8.6,63.0,136.51,ba đình,Quận
2543,3.1,52.0,59.62,tây hồ,Quận
2544,3.85,40.0,96.25,ba đình,Quận
2545,4.0,32.0,125.0,hoàn kiếm,Quận
2546,3.5,70.0,50.0,thanh trì,Huyện
2547,12.5,92.0,135.87,ba đình,Quận
2548,4.5,55.0,81.82,ba đình,Quận
2549,4.6,55.0,83.64,đống đa,Quận
2550,5.35,47.0,113.83,thanh trì,Huyện
2551,17.5,200.0,87.5,tây hồ,Quận
2552,4.95,52.0,95.19,ba đình,Quận
2553,4.8,48.0,100.0,nam từ liêm,Quận
2554,5.9,36.0,163.89,đống đa,Quận
2555,2.58,32.0,80.62,long biên,Quận
2556,4.8,47.0,102.13,thanh xuân,Quận
2557,4.7,45.0,104.44,thanh trì,Huyện
2558,3.9,46.0,84.78,long biên,Quận
2559,4.15,33.0,125.76,ba đình,Quận
2560,3.5,86.0,40.7,thanh trì,Huyện
2561,6.75,88.0,76.7,đống đa,Quận
2562,2.9,37.0,78.38,long biên,Quận
2563,4.5,38.5,116.88,long biên,Quận
2564,2.6,50.0,52.0,hoàn kiếm,Quận
2565,5.5,77.0,71.43,long biên,Quận
2566,2.87,38.0,75.53,thanh xuân,Quận
2567,5.95,88.0,67.61,đống đa,Quận
2568,15.0,64.0,234.38,đống đa,Quận
2569,22.8,100.0,228.0,ba đình,Quận
2570,3.8,35.0,108.57,đống đa,Quận
2571,1.75,36.0,48.61,thanh trì,Huyện
2572,2.35,25.0,94.0,thanh xuân,Quận
2573,6.0,50.0,120.0,tây hồ,Quận
2574,4.5,75.0,60.0,tây hồ,Quận
2575,2.5,36.0,69.44,hoàn kiếm,Quận
2576,2.6,42.0,61.9,hoàn kiếm,Quận
2577,2.7,41.0,65.85,hoàn kiếm,Quận
2578,3.39,41.0,82.68,thanh trì,Huyện
2579,3.55,49.0,72.45,hoàn kiếm,Quận
2580,13.98,93.0,150.32,ba đình,Quận
2581,8.4,60.0,140.0,ba đình,Quận
2582,8.0,100.0,80.0,tây hồ,Quận
2583,5.55,45.0,123.33,hoàn kiếm,Quận
2584,13.5,50.0,270.0,hoàn kiếm,Quận
2585,5.3,52.0,101.92,thanh xuân,Quận
2586,3.3,37.0,89.19,hoàn kiếm,Quận
2587,7.15,55.0,130.0,hoàn kiếm,Quận
2588,2.8,50.0,56.0,hoàn kiếm,Quận
2589,3.35,40.0,83.75,thanh xuân,Quận
2590,3.5,34.0,102.94,tây hồ,Quận
2591,3.4,30.0,113.33,nam từ liêm,Quận
2592,2.5,34.0,73.53,hoàn kiếm,Quận
2593,2.98,35.0,85.14,long biên,Quận
2594,21.0,108.0,194.44,ba đình,Quận
2595,10.5,65.0,161.54,nam từ liêm,Quận
2596,5.6,50.0,112.0,hoàn kiếm,Quận
2597,3.7,33.0,112.12,long biên,Quận
2598,5.3,41.0,129.27,hoàn kiếm,Quận
2599,1.7,40.0,42.5,long biên,Quận
2600,4.55,55.0,82.73,ba đình,Quận
2601,16.9,120.0,140.83,ba đình,Quận
2602,7.2,49.0,146.94,hoàn kiếm,Quận
2603,2.9,36.0,80.56,long biên,Quận
2604,5.25,55.0,95.45,hà đông,Quận
2605,2.15,30.0,71.67,long biên,Quận
2606,3.5,55.0,63.64,long biên,Quận
2607,2.0,33.0,60.61,bắc từ liêm,Quận
2608,3.45,49.0,70.41,hoàn kiếm,Quận
2609,3.0,45.0,66.67,long biên,Quận
2610,20.5,108.0,189.81,ba đình,Quận
2611,3.4,35.0,97.14,nam từ liêm,Quận
2612,11.7,56.0,208.93,ba đình,Quận
2613,6.7,59.0,113.56,nam từ liêm,Quận
2614,3.2,40.0,80.0,hoàn kiếm,Quận
2615,2.95,39.0,75.64,bắc từ liêm,Quận
2616,2.88,40.0,72.0,hoàn kiếm,Quận
2617,4.05,43.0,94.19,ba đình,Quận
2618,10.5,70.0,150.0,ba đình,Quận
2619,4.2,45.0,93.33,đống đa,Quận
2620,2.2,30.0,73.33,hoàn kiếm,Quận
2621,4.5,50.0,90.0,thanh xuân,Quận
2622,3.3,48.0,68.75,đống đa,Quận
2623,2.7,32.0,84.38,ba đình,Quận
2624,2.5,31.0,80.65,ba đình,Quận
2625,6.9,67.0,102.99,bắc từ liêm,Quận
2626,4.8,48.0,100.0,long biên,Quận
2627,3.4,30.0,113.33,ba đình,Quận
2628,3.2,120.0,26.67,đống đa,Quận
2629,3.2,25.0,128.0,đống đa,Quận
2630,4.7,47.0,100.0,đống đa,Quận
2631,5.5,53.0,103.77,đống đa,Quận
2632,8.2,85.0,96.47,đống đa,Quận
2633,8.1,100.0,81.0,ba đình,Quận
2634,4.0,84.0,47.62,thanh xuân,Quận
2635,3.66,45.0,81.33,ba đình,Quận
2636,2.95,30.0,98.33,tây hồ,Quận
2637,3.6,60.0,60.0,hoàn kiếm,Quận
2638,3.6,35.0,102.86,ba đình,Quận
2639,2.68,105.0,25.52,thanh xuân,Quận
2640,3.15,35.0,90.0,hoàn kiếm,Quận
2641,5.2,45.0,115.56,bắc từ liêm,Quận
2642,4.4,44.0,100.0,bắc từ liêm,Quận
2643,3.19,36.0,88.61,hoàn kiếm,Quận
2644,2.25,21.0,107.14,đống đa,Quận
2645,10.5,27.0,388.89,ba đình,Quận
2646,4.5,47.0,95.74,long biên,Quận
2647,2.25,30.0,75.0,long biên,Quận
2648,2.85,31.0,91.94,bắc từ liêm,Quận
2649,25.0,145.0,172.41,ba đình,Quận
2650,11.6,102.0,113.73,ba đình,Quận
2651,5.9,48.0,122.92,hà đông,Quận
2652,6.1,52.0,117.31,tây hồ,Quận
2653,6.0,79.0,75.95,thanh trì,Huyện
2654,4.2,36.0,116.67,tây hồ,Quận
2655,5.8,51.0,113.73,ba đình,Quận
2656,6.8,50.0,136.0,ba đình,Quận
2657,31.0,90.0,344.44,hoàn kiếm,Quận
2658,2.4,42.0,57.14,thanh trì,Huyện
2659,13.3,57.0,233.33,ba đình,Quận
2660,2.75,45.0,61.11,thanh trì,Huyện
2661,4.15,40.0,103.75,long biên,Quận
2662,5.5,34.0,161.76,thanh xuân,Quận
2663,3.9,51.0,76.47,thanh xuân,Quận
2664,4.35,42.0,103.57,hà đông,Quận
2665,2.55,40.0,63.75,thanh trì,Huyện
2666,3.95,50.0,79.0,thanh trì,Huyện
2667,3.95,42.0,94.05,thanh trì,Huyện
2668,2.79,42.0,66.43,hà đông,Quận
2669,6.4,55.0,116.36,đống đa,Quận
2670,2.35,36.0,65.28,hoàn kiếm,Quận
2671,6.5,45.0,144.44,thanh xuân,Quận
2672,11.5,80.0,143.75,ba đình,Quận
2673,6.0,82.0,73.17,đống đa,Quận
2674,3.8,53.0,71.7,hoàn kiếm,Quận
2675,20.0,100.0,200.0,tây hồ,Quận
2676,4.7,47.0,100.0,nam từ liêm,Quận
2677,9.0,62.0,145.16,nam từ liêm,Quận
2678,5.0,37.0,135.14,ba đình,Quận
2679,3.55,37.0,95.95,long biên,Quận
2680,35.5,85.0,417.65,đống đa,Quận
2681,4.8,60.0,80.0,nam từ liêm,Quận
2682,2.3,40.0,57.5,hoàn kiếm,Quận
2683,2.5,25.0,100.0,hoàn kiếm,Quận
2684,4.7,61.0,77.05,hoàn kiếm,Quận
2685,3.0,40.0,75.0,hoàn kiếm,Quận
2686,3.2,55.0,58.18,long biên,Quận
2687,3.3,38.0,86.84,long biên,Quận
2688,3.3,45.0,73.33,long biên,Quận
2689,2.8,35.0,80.0,thanh xuân,Quận
2690,3.8,39.0,97.44,thanh xuân,Quận
2691,6.5,75.0,86.67,long biên,Quận
2692,8.6,42.0,204.76,ba đình,Quận
2693,6.5,50.0,130.0,đống đa,Quận
2694,2.4,30.0,80.0,hà đông,Quận
2695,5.8,51.0,113.73,long biên,Quận
2696,3.25,33.0,98.48,hoàn kiếm,Quận
2697,5.1,48.0,106.25,thanh xuân,Quận
2698,2.3,50.0,46.0,hoàn kiếm,Quận
2699,0.8,47.0,17.02,thanh xuân,Quận
2700,3.6,75.0,48.0,bắc từ liêm,Quận
2701,7.0,70.0,100.0,hoàn kiếm,Quận
2702,2.4,35.0,68.57,hoàn kiếm,Quận
2703,3.1,51.0,60.78,tây hồ,Quận
2704,2.6,68.0,38.24,thanh trì,Huyện
2705,6.0,51.0,117.65,đống đa,Quận
2706,5.35,55.0,97.27,đống đa,Quận
2707,1.7,28.0,60.71,hoàn kiếm,Quận
2708,11.0,48.0,229.17,ba đình,Quận
2709,2.05,24.0,85.42,hoàn kiếm,Quận
2710,3.2,45.0,71.11,thanh xuân,Quận
2711,3.8,33.0,115.15,ba đình,Quận
2712,4.2,36.0,116.67,ba đình,Quận
2713,12.0,55.0,218.18,ba đình,Quận
2714,2.9,50.0,58.0,hoàn kiếm,Quận
2715,11.0,57.0,192.98,hoàn kiếm,Quận
2716,6.5,40.0,162.5,hoàn kiếm,Quận
2717,4.95,66.0,75.0,tây hồ,Quận
2718,2.2,40.0,55.0,hoàn kiếm,Quận
2719,6.5,56.0,116.07,hoàn kiếm,Quận
2720,4.1,48.0,85.42,đống đa,Quận
2721,2.4,30.0,80.0,hoàn kiếm,Quận
2722,2.0,33.0,60.61,nam từ liêm,Quận
2723,2.4,40.0,60.0,long biên,Quận
2724,5.6,39.0,143.59,thanh xuân,Quận
2725,11.8,70.0,168.57,hoàn kiếm,Quận
2726,39.9,175.0,228.0,thanh xuân,Quận
2727,3.1,61.0,50.82,tây hồ,Quận
2728,3.5,30.0,116.67,hoàn kiếm,Quận
2729,3.8,40.0,95.0,hà đông,Quận
2730,2.88,34.0,84.71,hà đông,Quận
2731,4.0,45.0,88.89,hoàn kiếm,Quận
2732,2.75,50.0,55.0,hoàn kiếm,Quận
2733,10.6,45.0,235.56,ba đình,Quận
2734,16.9,118.0,143.22,hoàn kiếm,Quận
2735,2.55,35.0,72.86,hoàn kiếm,Quận
2736,2.8,32.0,87.5,hoàn kiếm,Quận
2737,5.1,45.0,113.33,đống đa,Quận
2738,3.19,54.0,59.07,long biên,Quận
2739,2.65,45.0,58.89,long biên,Quận
2740,3.2,35.0,91.43,hoàn kiếm,Quận
2741,5.5,40.0,137.5,thanh xuân,Quận
2742,9.6,51.0,188.24,ba đình,Quận
2743,2.85,40.0,71.25,thanh trì,Huyện
2744,7.5,51.0,147.06,ba đình,Quận
2745,3.9,38.0,102.63,hà đông,Quận
2746,5.3,47.0,112.77,long biên,Quận
2747,1.95,22.0,88.64,đống đa,Quận
2748,2.1,30.0,70.0,hà đông,Quận
2749,3.5,35.0,100.0,đống đa,Quận
2750,3.8,40.0,95.0,hoàn kiếm,Quận
2751,3.6,55.0,65.45,long biên,Quận
2752,5.5,40.0,137.5,long biên,Quận
2753,10.5,70.0,150.0,tây hồ,Quận
2754,7.6,45.0,168.89,ba đình,Quận
2755,1.6,16.0,100.0,đống đa,Quận
2756,3.6,53.0,67.92,long biên,Quận
2757,1.85,35.0,52.86,hà đông,Quận
2758,10.5,56.0,187.5,đống đa,Quận
2759,15.0,70.0,214.29,ba đình,Quận
2760,2.45,35.0,70.0,hoàn kiếm,Quận
2761,3.0,38.0,78.95,long biên,Quận
2762,2.7,35.0,77.14,long biên,Quận
2763,2.6,45.0,57.78,long biên,Quận
2764,4.35,42.0,103.57,thanh xuân,Quận
2765,8.1,75.0,108.0,thanh xuân,Quận
2766,4.3,65.0,66.15,long biên,Quận
2767,5.3,44.0,120.45,nam từ liêm,Quận
2768,17.5,92.0,190.22,ba đình,Quận
2769,3.8,43.0,88.37,hoàn kiếm,Quận
2770,3.5,30.0,116.67,hoàn kiếm,Quận
2771,1.5,45.0,33.33,đống đa,Quận
2772,1.95,42.0,46.43,đông anh,Huyện
2773,3.8,31.0,122.58,thanh xuân,Quận
2774,12.8,100.0,128.0,long biên,Quận
2775,2.35,32.0,73.44,long biên,Quận
2776,2.8,32.0,87.5,long biên,Quận
2777,2.1,25.0,84.0,đống đa,Quận
2778,2.8,35.0,80.0,hoàn kiếm,Quận
2779,2.68,26.0,103.08,đống đa,Quận
2780,5.5,75.0,73.33,hoàn kiếm,Quận
2781,1.95,20.0,97.5,đống đa,Quận
2782,2.0,38.6,51.81,hà đông,Quận
2783,11.5,63.0,182.54,đống đa,Quận
2784,5.35,60.0,89.17,đống đa,Quận
2785,12.5,60.0,208.33,ba đình,Quận
2786,7.5,75.0,100.0,long biên,Quận
2787,3.7,52.0,71.15,bắc từ liêm,Quận
2788,6.5,50.0,130.0,hoàn kiếm,Quận
2789,2.4,44.0,54.55,hoàn kiếm,Quận
2790,7.8,80.0,97.5,thanh xuân,Quận
2791,5.2,57.0,91.23,long biên,Quận
2792,6.2,53.0,116.98,hoàn kiếm,Quận
2793,3.6,30.0,120.0,hoàn kiếm,Quận
2794,6.1,50.0,122.0,long biên,Quận
2795,11.8,67.0,176.12,đống đa,Quận
2796,3.95,35.0,112.86,ba đình,Quận
2797,4.05,41.0,98.78,hoàn kiếm,Quận
2798,2.4,26.0,92.31,ba đình,Quận
2799,9.2,45.0,204.44,đống đa,Quận
2800,4.55,45.0,101.11,ba đình,Quận
2801,3.3,35.0,94.29,bắc từ liêm,Quận
2802,6.2,51.0,121.57,ba đình,Quận
2803,3.35,33.0,101.52,thanh xuân,Quận
2804,3.7,37.0,100.0,hoàn kiếm,Quận
2805,5.9,54.0,109.26,hoàn kiếm,Quận
2806,2.3,31.0,74.19,long biên,Quận
2807,7.9,52.0,151.92,thanh xuân,Quận
2808,5.0,45.0,111.11,tây hồ,Quận
2809,4.0,35.0,114.29,đống đa,Quận
2810,6.8,51.0,133.33,đống đa,Quận
2811,3.9,32.0,121.88,hà đông,Quận
2812,2.35,35.0,67.14,hà đông,Quận
2813,2.8,38.0,73.68,đống đa,Quận
2814,1.3,32.0,40.62,hà đông,Quận
2815,4.4,35.0,125.71,long biên,Quận
2816,3.95,35.0,112.86,đống đa,Quận
2817,6.1,59.0,103.39,đống đa,Quận
2818,3.4,35.0,97.14,bắc từ liêm,Quận
2819,1.8,30.0,60.0,long biên,Quận
2820,8.5,75.0,113.33,long biên,Quận
2821,1.75,32.7,53.52,hoài đức,Huyện
2822,1.25,32.0,39.06,hoài đức,Huyện
2823,12.0,65.0,184.62,tây hồ,Quận
2824,8.8,50.0,176.0,tây hồ,Quận
2825,3.9,50.0,78.0,hà đông,Quận
2826,12.0,70.0,171.43,ba đình,Quận
2827,3.9,41.0,95.12,hoàn kiếm,Quận
2828,2.6,26.0,100.0,tây hồ,Quận
2829,4.0,32.0,125.0,đống đa,Quận
2830,8.6,76.0,113.16,hoàn kiếm,Quận
